time,H_1,H_2,H_3,Hs_1,Hs_2,Hs_3,cry_1,cry_2,cry_3,disloc_density,disloc_density_m,disp_x,disp_y,disp_z,fp_yy,mesh_quality,mesh_quality_m,sliprate,sliprate_m,strain_eff,strain_shear,strain_shear_m,strain_yy,stress_vm,stress_xx,stress_xy,stress_xz,stress_yy,stress_yz,stress_zz,total_twin_volume
0.02,2670912030.9284,2661722386.4925,2667365582.5791,1781048538.9308,1774951423.8421,1777333370.5604,0.16937345507371,0.12032655153091,-0.1075344864339,20000000,20000000,2.2218265751044e-07,6e-07,1.5118106473981e-07,1,2.9356052893294e-12,5.3989783923197e-19,0,0,0.00022488774484934,0.00014448156011013,0.0002979391229737,0.00019997937236781,43.426487477339,-0.10792649423852,-0.56947846639467,0.086423162455366,42.437818668437,-0.082104809642818,0.10346653099409,2.1957408490073e-29
0.04,2670912030.9284,2661722386.4925,2667365582.5791,1781048538.9308,1774951423.8421,1777333370.5604,0.16937345507371,0.12032655153091,-0.1075344864339,20000000,20000000,4.4841408237962e-07,1.2e-06,2.9721660963292e-07,1,2.9356052893294e-12,5.3989783923197e-19,3.8177400239155e-24,2.2698001731845e-20,0.00045034836224721,0.00028944965557235,0.00057658895847855,0.00039991762117243,86.629451327419,-0.031090250898489,-0.65213938963675,0.0949545122934,84.727930420723,-0.037103251466093,0.011426167155595,2.5057855021721e-22
0.06,2670912030.9284,2661722386.4925,2667365582.5791,1781048538.9308,1774951423.8421,1777333370.5604,0.16937345507371,0.12032655153091,-0.1075344864339,20000000,20000000,6.7267061613244e-07,1.8e-06,4.4594645695525e-07,1,2.9356052893294e-12,5.3989783923197e-19,3.8036033269843e-18,1.1479036467742e-14,0.00067587749346499,0.00043446510638583,0.00086999222569798,0.00059981460369811,130.13515792626,-0.35655551077328,-0.84445979423794,0.12041953682578,126.99935104977,-0.11671086009137,-0.23033197956926,1.0807192952843e-18
0.08,2670912030.9284,2661722386.4924,2667365582.5791,1781048538.9308,1774951423.8421,1777333370.5604,0.16937345507371,0.12032655153091,-0.1075344864339,20000000,20000000.001373,8.9234863539485e-07,2.4e-06,5.8282628222424e-07,1,2.9356052893294e-12,5.3989783923197e-19,1.233032554445e-14,4.1947193725968e-11,0.00090101369590697,0.00057915984827118,0.0011318215475859,0.0007996708250264,173.25602751376,-0.12595299134058,-0.79988732909533,0.073173230643147,169.50901788045,-0.10527549979815,0.1222424147241,2.4224428404547e-16
0.1,2670912030.9265,2661722386.4893,2667365582.5776,1781048538.9288,1774951423.839,1777333370.5589,0.16937345507371,0.12032655153091,-0.1075344864339,20000000.000122,20000000.44284,1.1187560508219e-06,3e-06,7.282307249334e-07,1.000000000003,2.9356052893294e-12,5.3989783923197e-19,3.7288782370325e-12,1.3493626584828e-08,0.0011265781694313,0.00072421786103592,0.0014098397196155,0.00099948561900355,216.69709609927,-0.27482725152391,-0.79372179601609,0.082743513864602,211.86050029263,-0.098481214501565,-0.042290142884013,1.8987558762062e-14
0.12,2670912030.7558,2661722386.2138,2667365582.4444,1781048538.7582,1774951423.5634,1777333370.4257,0.16937345507371,0.12032655153091,-0.1075344864339,20000000.01071,20000034.58305,1.3505913422921e-06,3.6e-06,8.7401768801315e-07,1.0000000001218,2.9356052893294e-12,5.3989783923197e-19,3.2357140968405e-10,1.0433615829625e-06,0.00135161839443,0.00086878010636367,0.0017001870200547,0.0011992591337822,260.02912812835,-0.075998110212377,-0.85239307937869,0.10192758179479,254.43051234596,-0.097286385960734,0.083102240430105,7.3486244913197e-13
0.14,2670912023.4969,2661722374.9145,2667365577.1577,1781048531.4993,1774951412.2642,1777333365.139,0.16937345507371,0.12032655153091,-0.1075344864339,20000000.4468,20002590.748662,1.5757954424006e-06,4.2e-06,1.0181287331384e-06,1.0000000027069,2.9356052893294e-12,5.3989783923197e-19,1.2981222188555e-08,3.9059170959868e-05,0.0015769438474403,0.0010136615547135,0.0019799323126986,0.0013989917597073,303.46955568515,-0.092586150561023,-0.86639507024295,0.10337763175843,296.93013055124,-0.096865414314412,0.072972634969718,1.5973701350887e-11
0.16,2670911820.7177,2661722070.4475,2667365444.2722,1781048328.72,1774951107.7972,1777333232.2535,0.16937345507371,0.12032655153091,-0.1075344864339,20000012.126065,20043085.800775,1.8015820951762e-06,4.8e-06,1.1617774926966e-06,1.0000000390714,2.9356052893294e-12,5.3989783923197e-19,2.8235732181588e-07,0.00079085619106959,0.0018022527704562,0.0011585283561963,0.0022554492385852,0.0015986833352569,346.92819371769,-0.094880223943137,-0.86023214424032,0.10496660214009,339.46139262024,-0.10509906202553,0.069474764206351,1.4902260498206e-10
0.18,2670908244.6338,2661715448.7598,2667362277.0931,1781044752.6362,1774944486.1094,1777330065.0744,0.16937345507371,0.12032655153091,-0.1075344864339,20000265.173495,45015614.170856,2.0359819691383e-06,5.4e-06,1.3106815737893e-06,1.00000038948,2.9356052893294e-12,5.3989783923197e-19,3.9725771887584e-06,0.0072631446661986,0.0020274582355402,0.0013033184208967,0.0025780908123974,0.0017983330725277,390.43450624805,-0.11598940004735,-0.98750051533299,0.15973481856991,381.97246025916,-0.10423826162485,-0.033080402792491,6.2734862287648e-10
0.2,2670738480.5483,2661494979.831,2667287574.7601,1780874988.5506,1774724017.1807,1777255362.7414,0.16937345507371,0.12032655153091,-0.1075344864339,20011875.472863,65291457.728976,2.2628427918376e-06,6e-06,1.4547001252859e-06,1.0000027917427,2.9356052893294e-12,5.3989783923197e-19,3.9101749246553e-05,0.041214038215007,0.0022534654728257,0.001448983040178,0.0028965850683513,0.0019979427543724,433.34080194692,-0.15908597777111,-0.98895081506795,0.15524524639414,423.97072984427,-0.13431697308863,-0.021544691973338,7.1281181032986e-10
0.22,2668816311.2263,2658258196.9387,2665807471.6544,1778952819.2286,1771487234.2884,1775775259.6357,0.16937345507371,0.12032655153091,-0.1075344864339,20179245.050043,108687400.43117,2.5047890501654e-06,6.6e-06,1.5991937975024e-06,1.0000146586209,2.9356052893294e-12,5.3989783923197e-19,0.00026896244640399,0.071411833951526,0.0024823300255105,0.0015975846745788,0.003459173799439,0.0021975118884319,473.73316117128,-0.029858923007967,-0.65503002195084,0.082150581417904,463.66594252413,-0.093482511015659,0.030954398038352,7.7626990381219e-10
0.24,2654240823.7105,2632244634.1123,2652901790.9189,1764377331.7128,1745473671.462,1762869578.9002,0.16937345507371,0.12032655153091,-0.1075344864339,21604332.889234,135441422.02433,2.8082106231154e-06,7.2e-06,1.7966587796361e-06,1.0000608322108,2.9356052893294e-12,5.3989783923197e-19,0.0013449384856177,0.10275948468544,0.0027202301717652,0.0017560136382107,0.0044783182192331,0.00239703708678,505.91927777566,0.0073230555270468,-0.70356897602095,0.12342124437376,495.26127328247,0.0042160899633797,0.020366320633995,9.7720356745079e-10
0.25,2649721448.6631,2623529150.4747,2648764399.8309,1759857956.6654,1736758187.8244,1758732187.8122,0.16937345507371,0.12032655153091,-0.1075344864339,22048744.013566,137688643.09143,2.9609450280847e-06,7.5e-06,1.9261773132943e-06,1.0000945613662,2.9356052893294e-12,5.3989783923197e-19,0.00518243006811,0.13342814943071,0.0028422204269252,0.0018384498508782,0.0049809890715606,0.0024967834707391,519.58902089041,-0.10831581660446,-0.60132932509786,0.10783771235061,508.58866458696,0.10444006439834,-0.012759752688142,1.3355758895187e-09
0.27,2582862681.836,2525363929.3504,2598115352.2166,1692999189.8383,1638592966.7001,1708083140.1979,0.16937345507371,0.12032655153091,-0.1075344864339,28646560.231975,251693320.96562,3.4863375848076e-06,8.1e-06,2.2304829429562e-06,1.0002483708631,2.9356052893294e-12,5.3989783923197e-19,0.0073338714513054,0.13435427334149,0.0031087407553592,0.0020276199575634,0.006317219334022,0.0026962312088315,527.01309895427,-0.030339949539795,-0.74423398967229,0.12224002106768,515.78337447882,0.27965882455173,0.050733305514617,1.6317479302942e-09
0.28,2575051715.1285,2514169909.5897,2591892642.7521,1685188223.1308,1627398946.9394,1701860430.7334,0.16937345507371,0.12032655153091,-0.1075344864339,29531467.914242,252745367.07454,3.7468464258946e-06,8.4e-06,2.3566254801646e-06,1.0003247160578,2.9356052893294e-12,5.3989783923197e-19,0.016939279718455,0.17204820571385,0.0032420848682981,0.0021219859033142,0.007081400356215,0.0027959366039961,531.38140266515,0.041561662548466,-0.93415706473642,0.14720488163033,519.81117653567,0.33446850110346,-0.0043959380815995,1.76800919687e-09
0.3,2518234150.5474,2436105671.4022,2550073550.3933,1628370658.5498,1549334708.7519,1660041338.3746,0.16937345507371,0.12032655153091,-0.1075344864339,36163189.691572,364157696.99887,4.4703128308583e-06,9e-06,2.5539258850513e-06,1.0005276820981,2.9356052893294e-12,5.3989783923197e-19,0.016695687771467,0.19457363522445,0.0035219137705259,0.0023246990191265,0.0084744302116038,0.0029953010849864,529.80527996829,-0.004231189740849,-0.73376475962742,0.11844434301692,517.41615350213,0.23040466505261,-0.013643528141439,2.0252991839888e-09
0.32,2479346296.3631,2387159808.5762,2524953252.3665,1589482804.3655,1500388845.9259,1634921040.3478,0.16937345507371,0.12032655153091,-0.1075344864339,41241362.68502,373043715.25907,5.2718980525561e-06,9.6e-06,2.8662822122137e-06,1.0007399190852,2.9356052893294e-12,5.3989783923197e-19,0.022265882077856,0.17389372464145,0.0038044319176668,0.0025295021432823,0.0096908349301692,0.0031945943711225,527.42888057752,0.18315674068252,-0.99571392169581,0.12956731353214,513.94581799481,0.023795848573253,-0.045903734895824,2.8887066974613e-09
0.34,2454700820.9243,2356572615.2523,2509044438.5444,1564837328.9267,1469801652.6019,1619012226.5258,0.16937345507371,0.12032655153091,-0.1075344864339,44689018.79691,377312602.57039,6.054406941305e-06,1.02e-05,3.3160844240883e-06,1.0009481514499,2.9356052893294e-12,5.3989783923197e-19,0.023287554806663,0.18350905661729,0.0040875592588306,0.0027339517289721,0.010629587192454,0.0033938192411682,526.53547238673,0.052088555318427,-1.02549292366,0.15829228521499,511.59777024651,-0.066169151309618,-0.031586779684737,4.6208344031188e-09
0.36,2437564699.7669,2334114547.0568,2496898730.4192,1547701207.7693,1447343584.4065,1606866518.4005,0.16937345507371,0.12032655153091,-0.1075344864339,47379434.161947,375371875.99957,6.824848065179e-06,1.08e-05,3.7707937829483e-06,1.0011517899515,2.9356052893294e-12,5.3989783923197e-19,0.022887783835505,0.15590758579799,0.0043696049061121,0.0029363832136543,0.011572852818144,0.0035929781972539,526.93974667269,0.046350408002281,-1.1842471156815,0.12743401816233,510.46814634588,-0.13323220467764,-0.048680425084516,8.926677680363e-09
0.38,2424123853.6898,2315738868.0916,2486772709.9742,1534260361.6922,1428967905.4413,1596740497.9556,0.16937345507371,0.12032655153091,-0.1075344864339,49689261.07943,375452660.03542,7.6061388068602e-06,1.14e-05,4.2394069281811e-06,1.0013545209477,2.9356052893294e-12,5.3989783923197e-19,0.022439260506756,0.16410865776933,0.0046516078099985,0.0031379817561567,0.012537738435882,0.0037920613439587,527.75329097878,0.19698968390295,-1.4034991727974,0.13830003696362,509.68171961729,-0.23517354753453,-0.16103024977954,1.0264674456146e-08
0.4,2412618701.2643,2299594739.1318,2477950773.1911,1522755209.2667,1412823776.4814,1587918561.1724,0.16937345507371,0.12032655153091,-0.1075344864339,51794840.591266,357121812.72675,8.3458472948979e-06,1.2e-05,4.6875100514895e-06,1.0015542001938,2.9356052893294e-12,5.3989783923197e-19,0.022416619055156,0.17925824541072,0.0049338671960035,0.0033392461955519,0.013541220203119,0.0039910903757638,529.2066370252,0.10294248252305,-1.486593915655,0.16185717223652,509.46447017575,-0.28259931271369,-0.1141278285175,1.0714260849541e-08
0.42,2402557752.477,2285084825.3525,2469978898.5451,1512694260.4794,1398313862.7022,1579946686.5264,0.16937345507371,0.12032655153091,-0.1075344864339,53719637.234178,357722910.56548,9.0957619798499e-06,1.26e-05,5.1392868118677e-06,1.0017524085814,2.9356052893294e-12,5.3989783923197e-19,0.022153146818846,0.1442879047232,0.0052152022712232,0.0035390964954044,0.014458134868853,0.0041900566055443,530.98786776572,0.38272750542271,-1.6093504596097,0.30518593216555,509.69011476764,-0.27793733463736,-0.21054966390915,1.0966928568874e-08
0.44,2393365781.4615,2271765107.5824,2462604102.8681,1503502289.4639,1384994144.9321,1572571890.8494,0.16937345507371,0.12032655153091,-0.1075344864339,55512934.751436,331184617.16108,9.8124399641607e-06,1.32e-05,5.5588514628634e-06,1.0019497050592,2.9356052893294e-12,5.3989783923197e-19,0.022067952325488,0.1420496616755,0.0054971741914605,0.0037394503925221,0.015410384875589,0.0043889752276998,532.96259261373,0.13547282025195,-1.4510922906804,0.13414066270238,510.00701214141,-0.19126868250755,-0.069301544577931,1.113939784501e-08
0.45,2389760274.0502,2266334112.1472,2459449595.2984,1499896782.0525,1379563149.4969,1569417383.2797,0.16937345507371,0.12032655153091,-0.1075344864339,56233025.392145,330123881.64617,1.0165984847282e-05,1.35e-05,5.7597901798514e-06,1.0020484452902,2.9356052893294e-12,5.3989783923197e-19,0.022028925634693,0.13117772478295,0.0056388077116685,0.0038400834415269,0.015924165894519,0.0044884205399238,533.91160699403,-0.15311862094919,-1.148439513642,0.062909860259543,510.02884359231,-0.13219093764891,-0.033483464496324,1.1209077966015e-08
0.47,2381084373.0867,2253681682.6151,2452204603.135,1491220881.089,1366910719.9647,1562172391.1163,0.16937345507371,0.12032655153091,-0.1075344864339,57931505.269172,328258818.51536,1.088547890328e-05,1.41e-05,6.1925626587752e-06,1.0022464403944,2.9356052893294e-12,5.3989783923197e-19,0.022075775745973,0.12992223175048,0.0059199899704712,0.0040393289702265,0.017019431069214,0.0046872445203324,535.71970769988,0.049534517860131,-1.2209048647235,0.095897493000306,510.37190697458,-0.15322013299349,-0.04063593578221,1.276713182758e-08
0.49,2372892465.125,2241550252.0395,2445181913.1665,1483028973.1274,1354779289.3892,1555149701.1478,0.16937345507371,0.12032655153091,-0.1075344864339,59585010.955765,326355207.81067,1.1595029847667e-05,1.47e-05,6.6245048422106e-06,1.0024465090695,2.9356052893294e-12,5.3989783923197e-19,0.022202894131506,0.13288599700394,0.0062015950946222,0.0042388414288192,0.018138131410326,0.0048860037159417,537.20761678177,0.18042164072711,-1.5374522532575,0.10709052835782,510.30953360984,-0.22202799078387,-0.1472582522776,1.4181481086434e-08
0.51,2365044602.5679,2229838264.5137,2438377484.9519,1475181110.5702,1343067301.8633,1548345272.9333,0.16937345507371,0.12032655153091,-0.1075344864339,61194060.596048,324429814.00473,1.2296130461318e-05,1.53e-05,7.0364494250626e-06,1.0026453934926,2.9356052893294e-12,5.3989783923197e-19,0.022505189456748,0.13854814443263,0.0064840348771419,0.0044388889623788,0.01924545466516,0.0050847243916123,538.75805718934,-0.028899196511852,-1.1667052986125,0.067932365069984,510.31624424211,-0.14545502241199,-0.040633010083433,1.5500805845286e-08
0.52,2361600117.2834,2224535609.244,2435192418.377,1471736625.2858,1337764646.5937,1545160206.3583,0.16937345507371,0.12032655153091,-0.1075344864339,61893012.238171,324067725.55325,1.2630522819819e-05,1.56e-05,7.2264175374665e-06,1.0027445417014,2.9356052893294e-12,5.3989783923197e-19,0.022421590140476,0.1360765369411,0.0066252613692726,0.0045388836072086,0.01978115746813,0.0051840803176758,539.63270375102,-0.24859617142695,-1.0424637787268,0.053675511139333,510.3334543559,-0.089314698866015,-0.070049770561277,1.61543888855e-08
0.54,2353856806.1938,2212779614.9446,2428188273.1623,1463993314.1962,1326008652.2943,1538156061.1437,0.16937345507371,0.12032655153091,-0.1075344864339,63447740.117543,322568376.93311,1.3318168740118e-05,1.62e-05,7.6294276963838e-06,1.0029432459185,2.9356052893294e-12,5.3989783923197e-19,0.022373488736839,0.12442231013372,0.0069060864001966,0.0047374238172527,0.02087316579941,0.005382719928187,541.22458762681,-0.11772898002628,-1.2020838437246,0.085344723858232,510.60876512771,-0.084431373500221,-0.0095608560475467,1.7330015085978e-08
0.56,2346362001.0568,2201375030.7954,2421374756.6864,1456498509.0591,1314604068.1451,1531342544.6677,0.16937345507371,0.12032655153091,-0.1075344864339,64983382.255228,321042313.90574,1.400514251355e-05,1.68e-05,8.0402005743921e-06,1.0031436675305,2.9356052893294e-12,5.3989783923197e-19,0.022476255345182,0.1307254426504,0.0071876171804409,0.0049364240508712,0.021964479218782,0.0055812988738727,542.45742559022,-0.033769484101458,-1.2422965056854,0.13074414029142,510.47452370417,-0.080752687379594,-0.038413097564902,1.8380502323915e-08
0.58,2339033883.7576,2190131131.5393,2414650742.4302,1449170391.76,1303360168.8889,1524618530.4115,0.16937345507371,0.12032655153091,-0.1075344864339,66511494.227708,319544889.14245,1.4688308871226e-05,1.74e-05,8.4502461240886e-06,1.0033448166996,2.9356052893294e-12,5.3989783923197e-19,0.022722048752335,0.13561543978723,0.0074693836080698,0.0051355514026987,0.023075483340948,0.0057798195622794,543.52225395448,0.0026334109090902,-1.2644955443808,0.095660010607191,510.19129841467,-0.12847096616771,-0.043856320062879,1.9307868635319e-08
0.6,2331837719.2601,2179050003.8426,2408000612.2049,1441974227.2625,1292279041.1923,1517968400.1862,0.16937345507371,0.12032655153091,-0.1075344864339,68028237.48588,318124760.94569,1.5361258407732e-05,1.8e-05,8.8424237984303e-06,1.0035450254832,2.9356052893294e-12,5.3989783923197e-19,0.022853356994393,0.14000490283868,0.0077508877980734,0.0053343614390601,0.02419004416794,0.0059783050832637,544.76351471426,-0.094256022338672,-1.3038953108016,0.11381471144045,510.09265619699,-0.11982326061429,-0.012848214473487,2.0161498297148e-08
0.62,2324753864.7525,2168103937.6909,2401374013.6974,1434890372.7549,1281332975.0406,1511341801.6787,0.16937345507371,0.12032655153091,-0.1075344864339,69525798.928302,316792262.41593,1.6041268030707e-05,1.86e-05,9.2365090598716e-06,1.0037463829433,2.9356052893294e-12,5.3989783923197e-19,0.022792536315818,0.13273039441239,0.0080321709937149,0.0055328730985986,0.025288160274506,0.0061767221534832,545.80304523155,-0.062446459006888,-1.514924833219,0.16002380460575,509.79810739703,-0.079594718966805,-0.14321472399697,2.0928466451887e-08
0.64,2317800381.6617,2157362984.2056,2394864751.3416,1427936889.6641,1270592021.5553,1504832539.3229,0.16937345507371,0.12032655153091,-0.1075344864339,71018091.90286,315450741.72227,1.6717148948871e-05,1.92e-05,9.6226391396459e-06,1.0039479428035,2.9356052893294e-12,5.3989783923197e-19,0.022974241077158,0.13500323115722,0.0083139185173339,0.0057317531722774,0.026411498026984,0.006375088335351,546.67404739318,-0.13068740086806,-1.4547278729608,0.16943639630902,509.45052141542,-0.1387754927106,0.0031442547890003,2.1608053141033e-08
0.66,2310939253.6118,2146774029.2474,2388433524.946,1421075761.6142,1260003066.597,1498401312.9273,0.16937345507371,0.12032655153091,-0.1075344864339,72494951.418447,314206924.33612,1.7355149321804e-05,1.98e-05,9.9903599961334e-06,1.0041467868247,2.9356052893294e-12,5.3989783923197e-19,0.0230384329783,0.14057517146371,0.0085951571211016,0.0059300336392476,0.027456477459934,0.0065734529747515,547.95672392928,-0.22537394240209,-0.94578281377661,0.033294769222386,509.56337007505,-0.014721708985435,0.09174821846231,2.2247460729581e-08
0.68,2304136930.798,2136175840.2573,2381832289.2971,1414273438.8004,1249404877.6069,1491800077.2784,0.16937345507371,0.12032655153091,-0.1075344864339,73948474.917273,313223086.15905,1.8031205745038e-05,2.04e-05,1.0389337032608e-05,1.004349389329,2.9356052893294e-12,5.3989783923197e-19,0.022731795185523,0.12968986781195,0.008875587527936,0.0061276334139777,0.028531164617688,0.0067716955130705,548.67671162215,0.056045245504986,-1.3452416385499,0.10155210228757,509.15683746919,-0.018442345439805,-0.11365475476118,2.2794749548609e-08
0.7,2297503167.6249,2125890095.6189,2375496535.4707,1407639675.6272,1239119132.9685,1485464323.452,0.16937345507371,0.12032655153091,-0.1075344864339,75409584.143008,312097299.90897,1.8668656116697e-05,2.1e-05,1.0738461523366e-05,1.0045503181872,2.9356052893294e-12,5.3989783923197e-19,0.023221880392478,0.14108414459449,0.0091574826738087,0.0063264239568169,0.0295917345333,0.0069699441401025,549.60002045232,-0.31984612203707,-1.1384442381003,0.072632633527084,508.81315532373,-0.02591323115876,-0.003372064242813,2.329863836649e-08
0.72,2290900416.3606,2115655526.7628,2369129338.707,1401036924.363,1228884564.1125,1479097126.6883,0.16937345507371,0.12032655153091,-0.1075344864339,76852144.323286,311106867.23452,1.9295147591088e-05,2.16e-05,1.1095734428508e-05,1.004750501619,2.9356052893294e-12,5.3989783923197e-19,0.023054389970292,0.12737280887458,0.0094381975903698,0.0065240894644259,0.030628054774439,0.0071681543181672,550.5355865717,-0.21245839052297,-0.75420364246357,0.036037093608461,508.75074322126,0.024290162020533,0.063640517245431,2.3753363456218e-08
0.74,2284361279.597,2105471443.0713,2362711418.9853,1394497787.5994,1218700480.4209,1472679206.9666,0.16937345507371,0.12032655153091,-0.1075344864339,78282828.209506,310242118.38982,1.9919076351955e-05,2.22e-05,1.1454165324034e-05,1.0049514583932,2.9356052893294e-12,5.3989783923197e-19,0.022977011282615,0.13125202811672,0.0097185947454465,0.0067215397029579,0.031650226495149,0.0073663113207512,551.41423217229,-0.23206325698671,-0.84614053299462,0.044077047473789,508.58424495426,0.053606120688539,0.085018398796115,2.4159063271103e-08
0.76,2277908605.8779,2095449840.4561,2356379252.9349,1388045113.8803,1208678877.8057,1466347040.9162,0.16937345507371,0.12032655153091,-0.1075344864339,79712267.919542,309469353.45185,2.0579520552046e-05,2.28e-05,1.1797670755585e-05,1.00515555894,2.9356052893294e-12,5.3989783923197e-19,0.023098813264125,0.12754629427333,0.0099995180481359,0.0069193207039469,0.032734519302747,0.0075643432473792,551.7337761794,-0.067737317236174,-1.2355211893804,0.12821306718324,507.83785658948,-0.0017134865327026,-0.088681372480878,2.4504745920966e-08
0.78,2271645449.4105,2085800923.8066,2350370719.4743,1381781957.4128,1199029961.1563,1460338507.4556,0.16937345507371,0.12032655153091,-0.1075344864339,81143740.560548,308480272.9608,2.1184719942779e-05,2.34e-05,1.2175574740544e-05,1.0053557760033,2.9356052893294e-12,5.3989783923197e-19,0.023517627292004,0.14243944666826,0.010280623587723,0.0071171255735979,0.03375147298239,0.0077624221174488,552.60370049507,-0.19687693263143,-0.79355424605183,0.017347940511659,507.69107816007,-0.02740744312179,0.062640675985631,2.4824846441824e-08
0.8,2265441032.0323,2076186570.4642,2344280680.4273,1375577540.0347,1189415607.8139,1454248468.4086,0.16937345507371,0.12032655153091,-0.1075344864339,82546819.955706,307677077.96304,2.182885303593e-05,2.4e-05,1.2533649647794e-05,1.005558997903,2.9356052893294e-12,5.3989783923197e-19,0.023069766376941,0.1244180683224,0.010561162940051,0.0073145067918134,0.034817547603672,0.0079603715901306,553.08423759835,-0.25432528754001,-1.177540340192,0.11680704303384,507.08475789698,0.018691708050013,-0.06838436737528,2.5094655151908e-08
0.82,2259354132.0299,2066856098.751,2338454081.3467,1369490640.0323,1180085136.1007,1448421869.328,0.16937345507371,0.12032655153091,-0.1075344864339,83958018.499624,306809167.44793,2.2463615118801e-05,2.46e-05,1.2889713611502e-05,1.0057610634596,2.9356052893294e-12,5.3989783923197e-19,0.023476175057794,0.14113493211001,0.010841918724896,0.0075119473305737,0.035719569337121,0.0081582938855225,553.60876039217,-0.17693841182139,-1.1128831183056,0.12693942560927,506.68220617415,-0.018537817459686,-0.0082100814434127,2.5334017924827e-08
0.84,2253381037.5328,2057699363.5564,2332713402.8995,1363517545.5352,1170928400.906,1442681190.8808,0.16937345507371,0.12032655153091,-0.1075344864339,85350748.499196,305994607.83344,2.3067009591718e-05,2.52e-05,1.321958068189e-05,1.0059611796856,2.9356052893294e-12,5.3989783923197e-19,0.023365186588881,0.13182953892247,0.011122215205321,0.0077089733171866,0.036705720878128,0.0083562158063932,554.44982661408,-0.22337684829916,-0.92285516470788,0.070894979936671,506.66083825656,0.036499251217565,0.18080408505978,2.5553460743319e-08
0.86,2247444128.3823,2048557803.9697,2326908274.9062,1357580636.3846,1161786841.3193,1436876062.8875,0.16937345507371,0.12032655153091,-0.1075344864339,86729872.965143,305290499.59016,2.3667299135711e-05,2.58e-05,1.3548562280646e-05,1.0061622141726,2.9356052893294e-12,5.3989783923197e-19,0.023149193802325,0.1341940161653,0.01140256041197,0.0079060030086003,0.037559516557625,0.0085540866667428,555.19507455709,-0.34064562781965,-0.89191649253258,0.066799858287176,506.38907260823,0.089070309225944,0.061712281554206,2.5750366301148e-08
0.87,2244725794.9976,2044421860.8039,2324248851.5534,1354862302.9999,1157650898.1536,1434216639.5347,0.16937345507371,0.12032655153091,-0.1075344864339,87369070.091966,304951102.3698,2.4003125335491e-05,2.61e-05,1.3745960218975e-05,1.0062648841402,2.9356052893294e-12,5.3989783923197e-19,0.02327176523594,0.12355786415124,0.011541788917148,0.0080036879103346,0.037995133964445,0.0086529347699858,555.12773966931,0.23476416743656,-1.2616595676262,0.13024240736033,506.06839903386,0.10143787447935,-0.10671291965451,2.5838020364196e-08
0.89,2238955567.5916,2035565925.0537,2318666638.454,1349092075.5939,1148794962.4034,1428634426.4353,0.16937345507371,0.12032655153091,-0.1075344864339,88759132.228889,304159296.51283,2.4590249647651e-05,2.67e-05,1.4061751312996e-05,1.0064647089467,2.9356052893294e-12,5.3989783923197e-19,0.023801254680976,0.13566935597047,0.01182288331905,0.0082012778965101,0.038818862840219,0.0088507642168635,555.97550583874,-0.13521868226046,-0.80212925687155,0.057030628292894,505.94254228102,0.10886781716675,0.1383820141127,2.6008512339947e-08
0.91,2233242310.7546,2026785619.8557,2313037470.4048,1343378818.7569,1140014657.2053,1423005258.3861,0.16937345507371,0.12032655153091,-0.1075344864339,90115277.372626,303536699.97453,2.5184071305736e-05,2.73e-05,1.4386360010331e-05,1.0066656785207,2.9356052893294e-12,5.3989783923197e-19,0.023161238655659,0.12713095815198,0.012102724012415,0.008397813055112,0.039660811894873,0.0090485121257901,556.63710354177,-0.13271479158548,-0.78106990601597,0.065397207297368,505.75718253671,0.12850715856588,0.14763956934081,2.6167299388466e-08
0.93,2227595083.7317,2018120394.0233,2307477737.237,1337731591.7341,1131349431.373,1417445525.2184,0.16937345507371,0.12032655153091,-0.1075344864339,91470032.284411,302923614.68596,2.5773273507507e-05,2.79e-05,1.4702673268532e-05,1.0068672035406,2.9356052893294e-12,5.3989783923197e-19,0.023314045985905,0.12113658702913,0.012382900764867,0.0085945521025844,0.040475994249721,0.0092462179770811,557.21503422719,-0.25937374755023,-0.76962959027738,0.068836462205437,505.38479915621,0.17300457324528,0.039266394355824,2.638999837026e-08
0.95,2222023899.6897,2009589589.2551,2301997291.8634,1332160407.6921,1122818626.6048,1411965079.8447,0.16937345507371,0.12032655153091,-0.1075344864339,92819706.374436,302334724.42661,2.6362603846811e-05,2.85e-05,1.5008091880273e-05,1.0070692313542,2.9356052893294e-12,5.3989783923197e-19,0.023400430053551,0.12091242178759,0.012662981216927,0.0087912394793682,0.041302857020122,0.0094438682940556,557.65773010989,-0.33065696734756,-0.86460515682898,0.045868007986484,504.96223598232,0.077876051304878,0.036962913938918,2.6727668386461e-08
0.97,2216546957.1281,2001258843.5856,2296654501.4626,1326683465.1304,1114487880.9352,1406622289.4439,0.16937345507371,0.12032655153091,-0.1075344864339,94162045.086694,301704997.19552,2.6966217421799e-05,2.91e-05,1.5319357116464e-05,1.0072716286533,2.9356052893294e-12,5.3989783923197e-19,0.023482047057132,0.12510313042733,0.01294291181315,0.0089877433192337,0.042113166549239,0.0096414433399916,558.01998981259,-0.35404649726423,-0.94379429515525,0.10328489046907,504.49392625221,0.14664267687965,0.037095602327705,2.7036145934965e-08
0.98,2214091265.1926,1997575778.501,2294294914.8156,1324227773.1949,1110804815.8507,1404262702.797,0.16937345507371,0.12032655153091,-0.1075344864339,94776989.859498,301402311.37069,2.728493391654e-05,2.94e-05,1.5500062356958e-05,1.0073739885937,2.9356052893294e-12,5.3989783923197e-19,0.023558040149683,0.11974966384716,0.013082341138911,0.0090855032584738,0.042492143174048,0.0097401687621199,557.95948619041,0.10394705890253,-1.1996001256398,0.16129056338143,504.16065481175,0.20052607357164,-0.13156091724652,2.7188409990265e-08
1,2208817008.5123,1989564781.1875,2289191958.2532,1318953516.5146,1102793818.5372,1399159746.2345,0.16937345507371,0.12032655153091,-0.1075344864339,96114199.351123,300750497.38344,2.7879529003472e-05,3e-05,1.578859136055e-05,1.0075750589782,2.9356052893294e-12,5.3989783923197e-19,0.023847496593367,0.13798726277695,0.013363064099545,0.009282612331257,0.043292318188416,0.0099376988670075,558.55798583882,-0.34088137108123,-1.0602984851318,0.10576380059691,503.78710660237,0.11317549938205,-0.017350934742472,2.7448415482859e-08
1.02,2203648084.5156,1981757502.2925,2284181574.8037,1313784592.518,1094986539.6421,1394149362.785,0.16937345507371,0.12032655153091,-0.1075344864339,97420439.691096,300163622.53183,2.8453096978292e-05,3.06e-05,1.6093502907596e-05,1.0077747496264,2.9356052893294e-12,5.3989783923197e-19,0.023438684219436,0.12748332030918,0.013642335565484,0.0094784356769601,0.044038144470485,0.010135210566505,559.24105306052,-0.12485166131325,-0.75999589101723,0.057884681573589,503.8558498449,0.13224681543595,0.10443244547881,2.7698486786835e-08
1.04,2198527809.135,1973969117.1451,2279119685.9285,1308664317.1374,1087198154.4948,1389087473.9098,0.16937345507371,0.12032655153091,-0.1075344864339,98718115.475193,299665645.29284,2.908206426843e-05,3.12e-05,1.6418289486199e-05,1.0079786548413,2.9356052893294e-12,5.3989783923197e-19,0.023271987303412,0.12196726259549,0.01392172351747,0.0096743998846053,0.044814816099208,0.010332529829997,559.34813408439,-0.0044171873826737,-1.2332867696645,0.13155070872758,503.16561457562,0.17077622535234,-0.093745848015581,2.7933035221215e-08
1.06,2193578385.0933,1966543705.5673,2274396449.083,1303714893.0957,1079772742.9169,1384364237.0643,0.16937345507371,0.12032655153091,-0.1075344864339,100016255.60542,299059274.22601,2.9684360820758e-05,3.18e-05,1.6693141007646e-05,1.0081804896011,2.9356052893294e-12,5.3989783923197e-19,0.023812525200355,0.13376416758778,0.014201928350372,0.0098709500127981,0.045551282373276,0.010529883332329,559.79380461473,-0.35151866230877,-1.246360828739,0.15025843729126,502.65166066929,0.12448691958626,-0.14383021200932,2.8136139284249e-08
1.08,2188691035.934,1959233650.1455,2269725412.2851,1298827543.9364,1072462687.4952,1379693200.2664,0.16937345507371,0.12032655153091,-0.1075344864339,101296017.74209,298500391.89366,3.0286045232359e-05,3.24e-05,1.6998139835064e-05,1.0083809677212,2.9356052893294e-12,5.3989783923197e-19,0.023599556338759,0.12661819877326,0.014481088131973,0.010066653949942,0.046308640997647,0.010727196046428,560.29686386121,-0.17591134622069,-1.1452538808493,0.13606926852341,502.59587747502,0.15354619452022,0.049689637328785,2.8322929624115e-08
1.1,2183881748.6246,1952022224.0873,2265080658.3125,1294018256.627,1065251261.437,1375048446.2938,0.16937345507371,0.12032655153091,-0.1075344864339,102561066.94195,297970698.68123,3.0909365300901e-05,3.3e-05,1.7303164823145e-05,1.0085830733477,2.9356052893294e-12,5.3989783923197e-19,0.023444281732905,0.12300202902576,0.014760318144649,0.010262354662576,0.047036986935202,0.010924403588926,560.6266161433,-0.13363517505993,-1.2942839511211,0.14186927299663,502.16951840147,0.18415335395996,-0.067876665816161,2.8495103534873e-08
1.12,2179199814.7913,1945027092.0984,2260589120.5673,1289336322.7937,1058256129.4481,1370556908.5486,0.16937345507371,0.12032655153091,-0.1075344864339,103818178.78456,297433501.07404,3.1481143572129e-05,3.36e-05,1.757759119123e-05,1.0087829865503,2.9356052893294e-12,5.3989783923197e-19,0.023661123578823,0.13080072350187,0.015039791050426,0.01045823816204,0.047754499564916,0.01112166194899,561.26337008405,-0.19827472393117,-1.039075309519,0.10460714196026,502.07125357271,0.15781683368057,-0.048469030567069,2.8646006999778e-08
1.13,2177069265.8007,1941869166.5262,2258534887.5533,1287205773.803,1055098203.8758,1368502675.5346,0.16937345507371,0.12032655153091,-0.1075344864339,104389155.12904,297317050.8965,3.1756318382462e-05,3.39e-05,1.7706783132158e-05,1.0088832207348,2.9356052893294e-12,5.3989783923197e-19,0.02339997856527,0.1166400452386,0.015179526231293,0.010556176227832,0.048104719007509,0.011220296488987,561.58827499357,-0.36191562991828,-0.9760739496693,0.084376190247609,501.93212453593,0.1720786514909,-0.1431946897432,2.8716972463528e-08
1.15,2172332870.2699,1934785142.5022,2253918476.2398,1282469378.2722,1048014179.8519,1363886264.2211,0.16937345507371,0.12032655153091,-0.1075344864339,105641047.45168,296885119.94382,3.2381609337091e-05,3.45e-05,1.8021369489263e-05,1.0090857938909,2.9356052893294e-12,5.3989783923197e-19,0.023467259413813,0.11474142449359,0.015458026857196,0.010751237596161,0.048832342760432,0.011417337996563,561.72448160522,-0.019887623511056,-1.3091755354359,0.23367028516423,501.52826999395,0.14188477814771,-0.18839163954116,2.8857370251562e-08
1.17,2167844122.3823,1928095707.7932,2249611680.8023,1277980630.3847,1041324745.1429,1359579468.7836,0.16937345507371,0.12032655153091,-0.1075344864339,106874153.83482,296374404.30913,3.2925689719313e-05,3.51e-05,1.8274686693965e-05,1.0092844202466,2.9356052893294e-12,5.3989783923197e-19,0.023747712782931,0.130665224981,0.015737323303825,0.010947012201188,0.049582552128238,0.011614544617452,562.49117256241,-0.13526074745595,-0.89209439086302,0.10326062576926,501.71222586035,0.16302909573917,0.14741712534887,2.8977198417628e-08
1.19,2163298758.2682,1921276710.394,2245106130.6484,1273435266.2706,1034505747.7437,1355073918.6297,0.16937345507371,0.12032655153091,-0.1075344864339,108099093.26052,295965515.73652,3.3461640111199e-05,3.57e-05,1.8517088214405e-05,1.0094840521329,2.9356052893294e-12,5.3989783923197e-19,0.023269282347002,0.10848518369909,0.016016212111606,0.011142386475745,0.050244344488348,0.011811696092141,563.16955578621,-0.2884693278757,-0.72751718605157,0.081712992458424,501.65799372868,0.15218977885974,0.096709192277085,2.9086696779952e-08
1.21,2158763127.9539,1914486296.9896,2240592427.0677,1268899635.9563,1027715334.3393,1350560215.049,0.16937345507371,0.12032655153091,-0.1075344864339,109324585.08703,295606147.08899,3.4014652881273e-05,3.63e-05,1.8788993331409e-05,1.0096847690449,2.9356052893294e-12,5.3989783923197e-19,0.023388398265116,0.11078586417948,0.016294965471649,0.011337679744372,0.050931362202507,0.012008756286296,563.57743254087,-0.16534106997691,-0.75577759008843,0.099745102928884,501.50278289869,0.16005781230546,0.13101100037559,2.919045904359e-08
1.23,2154320249.568,1907849036.1635,2236166953.8585,1264456757.5704,1021078073.5132,1346134741.8398,0.16937345507371,0.12032655153091,-0.1075344864339,110542632.24943,295224229.3984,3.4557933043954e-05,3.69e-05,1.9047432094433e-05,1.0098854545802,2.9356052893294e-12,5.3989783923197e-19,0.023522835774342,0.11357064019057,0.01657382452294,0.011533018234629,0.051624302679265,0.012205790193921,564.0192532751,-0.14783924340106,-0.73263114448911,0.10321189053858,501.29948995131,0.162631344804,0.10700932675466,2.9283930103751e-08
1.25,2149940504.6088,1901320688.1159,2231797686.9556,1260077012.6111,1014549725.4656,1341765474.937,0.16937345507371,0.12032655153091,-0.1075344864339,111753238.58755,294849773.07184,3.5115071027494e-05,3.75e-05,1.9304459172474e-05,1.0100869808064,2.9356052893294e-12,5.3989783923197e-19,0.023528920860183,0.11139244055134,0.016852632670983,0.011728270028711,0.052312567021187,0.012402741807807,564.36731049372,-0.22435049930415,-0.76175942373169,0.10243019346926,500.89293849011,0.15220292476707,-0.080271238943608,2.93722579058e-08
1.27,2145650204.4116,1894967362.0602,2227555539.0695,1255786712.4139,1008196399.4099,1337523327.0508,0.16937345507371,0.12032655153091,-0.1075344864339,112952802.4011,294480301.41162,3.5659475179482e-05,3.81e-05,1.9556430894298e-05,1.0102875095783,2.9356052893294e-12,5.3989783923197e-19,0.023644539071615,0.13217464674632,0.017131149162219,0.011923348459463,0.05301026405478,0.012599678642726,564.75778943148,-0.1106645047241,-0.76981143110789,0.10244322772632,500.78383107149,0.1615360031702,0.08312794768926,2.9500125225803e-08
1.29,2141423070.7661,1888702969.834,2223343646.0772,1251559578.7685,1001932007.1837,1333311434.0585,0.16937345507371,0.12032655153091,-0.1075344864339,114142242.17092,294115579.72829,3.6188042130507e-05,3.87e-05,1.9786700439587e-05,1.0104880320689,2.9356052893294e-12,5.3989783923197e-19,0.023538289864528,0.11095100333595,0.017410076489207,0.012118706938775,0.053692979929705,0.012796605425842,565.22916605501,-0.34583312043415,-0.63579787098311,0.096164944474542,500.52272409663,0.15056699871452,0.062452622596783,2.9751889197769e-08
1.31,2137216139.587,1882497602.7895,2219151103.9357,1247352647.5893,995726640.13914,1329118891.917,0.16937345507371,0.12032655153091,-0.1075344864339,115327417.34028,293781476.58529,3.6715241198888e-05,3.93e-05,2.0024906191189e-05,1.01068843375,2.9356052893294e-12,5.3989783923197e-19,0.023547940838858,0.10778512505934,0.017688295173898,0.012313455291763,0.054370006661588,0.012993480067055,565.68763478469,-0.33569138722427,-0.66977002033865,0.10979586118212,500.35812009493,0.19450932619329,-0.0087295493359468,2.9987680515492e-08
1.33,2133074832.5135,1876395451.5367,2215003059.6107,1243211340.5159,989624488.88634,1324970847.592,0.16937345507371,0.12032655153091,-0.1075344864339,116502511.03355,293462958.02411,3.725644785053e-05,3.99e-05,2.0272840144409e-05,1.0108890728365,2.9356052893294e-12,5.3989783923197e-19,0.023542025914594,0.11114244883733,0.017966414964251,0.012508180614634,0.055051119093075,0.013190274111749,566.0244600608,-0.13975281367833,-0.71477653573311,0.099648305690575,500.24098759855,0.1655875433532,0.096771658077294,3.0205411888018e-08
1.35,2129015408.1824,1870426809.7102,2210938718.7485,1239151916.1847,983655847.05985,1320906506.7298,0.16937345507371,0.12032655153091,-0.1075344864339,117667936.31614,293122015.94307,3.7778939661978e-05,4.05e-05,2.0504186682105e-05,1.0110895619345,2.9356052893294e-12,5.3989783923197e-19,0.023579326680392,0.10920244117582,0.018244912356337,0.012703164831878,0.05573046196742,0.013387066518958,566.47425400603,-0.33443357201347,-0.69097196189197,0.10840794734148,499.99817377572,0.17477077201367,0.067344190723106,3.0411432363642e-08
1.37,2124985410.5632,1864525270.8499,2206905440.2821,1235121918.5655,977754308.19953,1316873228.2635,0.16937345507371,0.12032655153091,-0.1075344864339,118827252.45637,292808191.34406,3.8304874768063e-05,4.11e-05,2.0738910976021e-05,1.0112898454192,2.9356052893294e-12,5.3989783923197e-19,0.023574563403217,0.11031473225644,0.01852294184605,0.012897778652896,0.056410634746231,0.013583805972214,566.85925404641,-0.19620807287163,-0.66139363167094,0.096083957353634,499.90121377747,0.16377019134442,0.12866827727001,3.0605308127659e-08
1.39,2121013963.5216,1858713818.4083,2202907979.4109,1231150471.524,971942855.75794,1312875767.3922,0.16937345507371,0.12032655153091,-0.1075344864339,119978622.80593,292493042.45728,3.8817683212118e-05,4.17e-05,2.0962142341255e-05,1.011490183059,2.9356052893294e-12,5.3989783923197e-19,0.023555137680624,0.10273561033767,0.018801204974472,0.013092558543067,0.057087923960204,0.013780523245031,567.29002233404,-0.3208040634283,-0.63302264064182,0.099979316536648,499.69524656941,0.17021567652995,0.094444636532326,3.0788634462296e-08
1.41,2117079571.4303,1852981601.2255,2198947534.5346,1227216079.4326,966210638.57519,1308915322.516,0.16937345507371,0.12032655153091,-0.1075344864339,121123668.22136,292196027.48341,3.9336185377588e-05,4.23e-05,2.1189635220469e-05,1.0116907006338,2.9356052893294e-12,5.3989783923197e-19,0.02357101777787,0.1071055415922,0.019079301617027,0.013287177661228,0.057764520085481,0.013977180468358,567.67249386899,-0.29046204532348,-0.62133923179739,0.090174255517108,499.4837088195,0.14445906995805,-0.0030504618849851,3.0960606895565e-08
1.43,2113211355.9139,1847353594.3727,2195039333.6214,1223347863.9162,960582631.72235,1305007121.6027,0.16937345507371,0.12032655153091,-0.1075344864339,122260527.75726,291901835.11566,3.9861624769891e-05,4.29e-05,2.1424751585554e-05,1.0118911926654,2.9356052893294e-12,5.3989783923197e-19,0.023598319019836,0.11004403014549,0.019357104426731,0.013481602046139,0.058429330133565,0.014173773654035,567.99291758672,-0.22523075473926,-0.68728085381961,0.12608765085255,499.34364789711,0.17697335841414,0.13641967160198,3.1118978937617e-08
1.45,2109413214.9648,1841855595.4145,2191216738.2896,1219549722.9671,955084632.7642,1301184526.2709,0.16937345507371,0.12032655153091,-0.1075344864339,123386439.97997,291597825.30016,4.0441896009927e-05,4.35e-05,2.1680293431605e-05,1.0120936288533,2.9356052893294e-12,5.3989783923197e-19,0.023609455980898,0.11063846154371,0.019634970500822,0.013675981350632,0.059136600213334,0.014370173403736,568.09971089131,-0.23989196327384,-1.01977224722,0.15737282719765,498.771240986,0.19594768442971,-0.12777214564632,3.1261329682797e-08
1.47,2105763659.4566,1836619604.1735,2187614899.1558,1215900167.459,949848641.52317,1297582687.1371,0.16937345507371,0.12032655153091,-0.1075344864339,124491923.10278,291260560.73557,4.0919083379362e-05,4.41e-05,2.187526692007e-05,1.0122921249314,2.9356052893294e-12,5.3989783923197e-19,0.023865774343338,0.11872789142059,0.019913071687525,0.013870598386069,0.059762080716502,0.014566815772244,568.72214589893,-0.35161241014137,-0.58669218394472,0.071634402241052,498.86097608111,0.083521409886968,0.048759826132999,3.140847812228e-08
1.49,2102031232.6958,1831229702.5714,2183821322.205,1212167740.6981,944458739.92104,1293789110.1863,0.16937345507371,0.12032655153091,-0.1075344864339,125603033.55189,290994723.17392,4.1461926577131e-05,4.47e-05,2.2098244420641e-05,1.0124930272972,2.9356052893294e-12,5.3989783923197e-19,0.023394720799444,0.094633190746222,0.020190526425193,0.014064697337265,0.060480180968364,0.014763226687178,569.03338691181,-0.45309671479082,-0.73609543637755,0.17383721696002,498.59539965967,0.15662584171483,-0.010187511949263,3.1543165330274e-08
1.51,2098396925.3851,1826042483.0108,2180200152.2887,1208533433.3874,939271520.36045,1290167940.27,0.16937345507371,0.12032655153091,-0.1075344864339,126701658.23843,290723695.30493,4.1978155475535e-05,4.53e-05,2.2314228788962e-05,1.0126929312869,2.9356052893294e-12,5.3989783923197e-19,0.023701624372903,0.11298786247691,0.020467830198937,0.014258649103679,0.061166802182197,0.014959661822864,569.4041784777,-0.36128573819187,-0.7669061713387,0.13558553725912,498.52952950708,0.17051294556978,0.059873244654882,3.1673919353796e-08
1.53,2094802266.0676,1820907915.3813,2176568606.063,1204938774.0699,934136952.73099,1286536394.0444,0.16937345507371,0.12032655153091,-0.1075344864339,127790532.56259,290443571.71401,4.2493219708303e-05,4.59e-05,2.2540417931991e-05,1.0128924897309,2.9356052893294e-12,5.3989783923197e-19,0.023584851910192,0.10150968500713,0.020745174151915,0.014452622480583,0.06183095776825,0.015156053235401,569.84307721287,-0.1930847783864,-0.67299824990246,0.10008622024613,498.50801304062,0.17337032626295,0.0073311201111533,3.1797791295987e-08
1.55,2091252636.4922,1815806806.0693,2172925594.6765,1201389144.4946,929035843.41894,1282893382.6578,0.16937345507371,0.12032655153091,-0.1075344864339,128875439.83978,290176486.8737,4.2975577818322e-05,4.65e-05,2.2741872011506e-05,1.0130919531609,2.9356052893294e-12,5.3989783923197e-19,0.023545724306493,0.10425301565446,0.021022799825356,0.014646843783666,0.0624728666751,0.015352476326576,570.33364490985,-0.33349845975603,-0.58807822398733,0.067909734687098,498.43395966627,0.16544260133302,0.014048651658175,3.1917849478425e-08
1.57,2087698184.9889,1810719860.4699,2169263871.0805,1197834692.9913,923948897.81954,1279231659.0618,0.16937345507371,0.12032655153091,-0.1075344864339,129960954.67232,290058964.181,4.3496152735411e-05,4.71e-05,2.2950469650174e-05,1.013292862686,2.9356052893294e-12,5.3989783923197e-19,0.023536596267092,0.096834935521754,0.021299943993973,0.014840683012106,0.063177228856664,0.015548734639008,570.58636946013,-0.51268799967895,-0.79639082176603,0.12860511290302,498.14731312655,0.1388819475545,0.037960429078208,3.2438720214996e-08
1.59,2084227829.7613,1805817568.6997,2165758986.7714,1194364337.7637,919046606.04937,1275726774.7527,0.16937345507371,0.12032655153091,-0.1075344864339,131030760.11921,289829045.80352,4.4010148276242e-05,4.77e-05,2.3173591954719e-05,1.0134926662983,2.9356052893294e-12,5.3989783923197e-19,0.023730668744274,0.10702801918999,0.021576878811945,0.015034311131144,0.063835595650654,0.015744990374754,570.94133686213,-0.30611335502501,-0.79023515285961,0.12628181499304,498.08756110481,0.18681937697287,-0.0052930343340803,3.3072019909276e-08
1.61,2080814014.8914,1800970353.4814,2162254476.1739,1190950522.8937,914199390.83105,1272222264.1552,0.16937345507371,0.12032655153091,-0.1075344864339,132090679.70125,289550331.84333,4.451000814506e-05,4.83e-05,2.3381320552128e-05,1.0136924662245,2.9356052893294e-12,5.3989783923197e-19,0.023603451039431,0.10503796353656,0.021854303983357,0.015228355193608,0.064477695059933,0.015941234128627,571.30617406458,-0.40816306006774,-0.67966141230716,0.12776280449168,497.94718553381,0.17354486003297,0.045473917997412,3.3661315736202e-08
1.63,2077425550.5725,1796177425.7858,2158770478.3982,1187562058.5748,909406463.13549,1268738266.3795,0.16937345507371,0.12032655153091,-0.1075344864339,133146730.11211,289309756.0134,4.5053292208654e-05,4.89e-05,2.361192425902e-05,1.0138933963635,2.9356052893294e-12,5.3989783923197e-19,0.023604627447079,0.09949423197886,0.022130971374708,0.015421764654093,0.065021701371835,0.016137302657909,571.52128182328,-0.319156066718,-0.93436780269875,0.16212527149028,497.69776168118,0.16995367096176,-0.058564897204128,3.4265701754777e-08
1.65,2074152337.9138,1791573756.6944,2155435671.7192,1184288845.9162,904802794.0441,1265403459.7005,0.16937345507371,0.12032655153091,-0.1075344864339,134183279.82772,289031888.7198,4.5548508672443e-05,4.95e-05,2.3819962908886e-05,1.0140923807038,2.9356052893294e-12,5.3989783923197e-19,0.023756803551348,0.11099095213735,0.022407956468021,0.015615450248875,0.065803617856732,0.016333483754646,571.94331887227,-0.16901051189517,-0.73027856308387,0.11876724005455,497.75792813671,0.17338229537053,0.054012596060135,3.4833196748052e-08
1.67,2070871787.2349,1786931260.4092,2152021978.8915,1181008295.2373,900160297.75886,1261989766.8728,0.16937345507371,0.12032655153091,-0.1075344864339,135220142.13538,288802155.08997,4.6052819963645e-05,5.01e-05,2.4029681568184e-05,1.014291915666,2.9356052893294e-12,5.3989783923197e-19,0.02352141374575,0.10089629102982,0.022684731416617,0.01580896368781,0.066475682433526,0.016529582429027,572.33752956831,-0.19186695845208,-0.72537084717341,0.14108883243757,497.71222845311,0.1869087873045,0.095580874309585,3.5367941235798e-08
1.69,2067620560.6971,1782350659.0367,2148648388.074,1177757068.6995,895579696.38638,1258616176.0553,0.16937345507371,0.12032655153091,-0.1075344864339,136251698.81722,288580308.09267,4.6551275298424e-05,5.07e-05,2.4229400376565e-05,1.0144922092945,2.9356052893294e-12,5.3989783923197e-19,0.023594618805685,0.098147953343746,0.022961707766512,0.016002606894116,0.067139854613012,0.016725626772529,572.67679182132,-0.50803731347385,-0.7465975287347,0.17412341113849,497.42724852948,0.22345622751988,0.0038800142125359,3.5893524063192e-08
1.71,2064407536.7269,1777861308.2762,2145344541.7613,1174544044.7292,891090345.62586,1255312329.7426,0.16937345507371,0.12032655153091,-0.1075344864339,137275422.23864,288361351.56146,4.7046658734688e-05,5.13e-05,2.4437080942795e-05,1.0146912773642,2.9356052893294e-12,5.3989783923197e-19,0.0237027097287,0.1072572310912,0.023237964403486,0.016195690827799,0.06777030381044,0.016921669719709,573.04575601907,-0.16782022973597,-0.68204211355394,0.11739152078848,497.51833540963,0.17474649753916,0.034505258041877,3.6402751106822e-08
1.73,2061231791.8813,1773399320.1298,2142013932.9848,1171368299.8837,886628357.47949,1251981720.9661,0.16937345507371,0.12032655153091,-0.1075344864339,138292933.67837,288138459.2762,4.7572511572991e-05,5.19e-05,2.4650235571877e-05,1.0148920511183,2.9356052893294e-12,5.3989783923197e-19,0.023548882967171,0.094058230684176,0.023514520419072,0.016388983760506,0.068424794607807,0.017117548094733,573.30164192572,-0.46161290824046,-0.88077222620224,0.20952613022813,497.17770448389,0.2483678393582,-0.057867563288481,3.6910927428308e-08
1.75,2058129561.6465,1769098076.7807,2138836202.5508,1168266069.6489,882327114.13039,1248803990.5322,0.16937345507371,0.12032655153091,-0.1075344864339,139294478.25874,287914698.57848,4.8068536400795e-05,5.25e-05,2.4835470900905e-05,1.0150914007138,2.9356052893294e-12,5.3989783923197e-19,0.02377596189873,0.11011636719347,0.023791144676059,0.01658237231376,0.069086528953732,0.017313507121943,573.63457530541,-0.4904883178874,-0.66002311038982,0.19032191806012,497.11780364977,0.18045686343783,0.069731081966381,3.736429331465e-08
1.77,2055026981.6472,1764791854.9231,2135620136.1299,1165163489.6495,878020892.27282,1245587924.1113,0.16937345507371,0.12032655153091,-0.1075344864339,140293854.0863,287710285.25938,4.8559161383055e-05,5.31e-05,2.5046421179154e-05,1.0152904036131,2.9356052893294e-12,5.3989783923197e-19,0.023609384744384,0.096328024982892,0.024067293012356,0.016775359833723,0.069730959435004,0.017509415065878,574.008766785,-0.20517311071385,-0.69029978959319,0.141954764211,497.19703858715,0.18057851256115,0.056703776016466,3.7820508226253e-08
1.79,2051953765.4998,1760495121.753,2132358462.2229,1162090273.5022,873724159.10263,1242326250.2042,0.16937345507371,0.12032655153091,-0.1075344864339,141291872.28854,287608324.67592,4.9016939975499e-05,5.37e-05,2.5229480302789e-05,1.0154892875193,2.9356052893294e-12,5.3989783923197e-19,0.023559930117341,0.10109491213187,0.024343803518933,0.016968615495259,0.070336099259503,0.01770538715179,574.48778270404,-0.31669650516265,-0.52796160717372,0.081624106403626,497.15944906331,0.17023060877618,-0.050623724415845,3.8242820353644e-08
1.81,2048877369.5091,1756199317.4117,2129066781.3987,1159013877.5114,869428354.7614,1239034569.38,0.16937345507371,0.12032655153091,-0.1075344864339,142292305.00757,287437173.27819,4.9549713292605e-05,5.43e-05,2.5456231357303e-05,1.0156900501412,2.9356052893294e-12,5.3989783923197e-19,0.023544672683888,0.092104473591346,0.024619630909149,0.017161361600216,0.071006567225497,0.017901054649766,574.61447656316,-0.30777900612804,-0.84293014866928,0.18617603571517,496.94934092369,0.18097452928761,0.030138711879677,3.868205008691e-08
1.83,2045922994.3475,1752129270.7612,2125981422.9744,1156059502.3498,865358308.11091,1235949210.9557,0.16937345507371,0.12032655153091,-0.1075344864339,143265152.53715,287215788.24354,5.002910235538e-05,5.49e-05,2.5640096226519e-05,1.0158888818377,2.9356052893294e-12,5.3989783923197e-19,0.023787606318681,0.10638894674916,0.024895434529126,0.017354118896208,0.071650448700545,0.01809687622187,574.9926911115,-0.2204176605174,-0.7314417845738,0.16732185022519,497.04802802718,0.20240053524238,0.22470683128797,3.9031543048301e-08
1.85,2042954717.6009,1748028264.5569,2122834710.7118,1153091225.6032,861257301.90659,1232802498.6931,0.16937345507371,0.12032655153091,-0.1075344864339,144239281.49938,287023308.84568,5.0519887178682e-05,5.55e-05,2.5837735897048e-05,1.0160881901563,2.9356052893294e-12,5.3989783923197e-19,0.023563333790665,0.093797963379289,0.025171342593145,0.017546912787822,0.072295452839844,0.018292612397808,575.35089048319,-0.2894192503003,-0.72898614396127,0.16768320564928,496.99724923352,0.20199594291948,0.22900150065192,3.942880912991e-08
1.87,2040014294.4446,1743980500.084,2119715867.5399,1150150802.447,857209537.43366,1229683655.5213,0.16937345507371,0.12032655153091,-0.1075344864339,145207608.76661,286927718.09839,5.0989251665517e-05,5.61e-05,2.6019984375179e-05,1.0162875697737,2.9356052893294e-12,5.3989783923197e-19,0.023625564337496,0.094743693526048,0.025447727403381,0.01774004795048,0.0728974658232,0.018488354697949,575.71258035515,-0.45204024956184,-0.63688046769519,0.14716556237919,496.83074312492,0.17400438900895,0.099639865783656,3.9797025711713e-08
1.89,2037089392.7069,1739959022.0103,2116592837.6904,1147225900.7092,853188059.35993,1226560625.6717,0.16937345507371,0.12032655153091,-0.1075344864339,146174406.39839,286841721.35485,5.1461444037227e-05,5.67e-05,2.6216302084536e-05,1.0164867648221,2.9356052893294e-12,5.3989783923197e-19,0.02363684693506,0.093976792572967,0.025723395726502,0.017932632306003,0.073504817659757,0.018684046705585,576.02925476164,-0.32537904235712,-0.62088673334581,0.14201630613765,496.8130204306,0.19191753726537,0.065468272616024,4.0141992967012e-08
1.91,2034205212.7114,1735989239.4268,2113483150.3856,1144341720.7137,849218276.7765,1223450938.3669,0.16937345507371,0.12032655153091,-0.1075344864339,147134199.91739,286666438.16241,5.1938909010646e-05,5.73e-05,2.6413303972666e-05,1.0166862807817,2.9356052893294e-12,5.3989783923197e-19,0.023615289476198,0.089993382512607,0.025999320979826,0.018125401923155,0.074126418389401,0.018879668293664,576.32803619802,-0.25576101715594,-0.63031244551747,0.11725560162019,496.68931224656,0.16120438072484,-0.098281470971378,4.049086547894e-08
1.93,2031374941.3607,1732099649.4496,2110420974.1925,1141511449.3631,845328686.79928,1220388762.1738,0.16937345507371,0.12032655153091,-0.1075344864339,148084123.47797,286483168.76975,5.242594607425e-05,5.79e-05,2.6602845795237e-05,1.0168856209078,2.9356052893294e-12,5.3989783923197e-19,0.023651288827411,0.092228468468499,0.026274396464563,0.01831758266675,0.074768497327479,0.019075233708351,576.59561744699,-0.25373990618035,-0.70328869055749,0.16911795031378,496.7375138736,0.18990833768581,0.19063479946815,4.0827728930428e-08
1.95,2028577382.9026,1728284398.2613,2107415033.6851,1138713890.9049,841513435.61101,1217382821.6664,0.16937345507371,0.12032655153091,-0.1075344864339,149022656.20679,286296025.72541,5.2899658312057e-05,5.85e-05,2.6798344527408e-05,1.0170849746573,2.9356052893294e-12,5.3989783923197e-19,0.023646834713864,0.093885123119108,0.026550419221882,0.018510394892611,0.075374450924832,0.019270787782191,576.9353381628,-0.26048133736265,-0.65197537335686,0.12398480457471,496.56696666385,0.15975025104202,-0.084552465080337,4.1151998338052e-08
1.97,2025808348.3274,1724498974.0735,2104407291.8577,1135944856.3297,837728011.42316,1214375079.839,0.16937345507371,0.12032655153091,-0.1075344864339,149958861.77532,286212594.73551,5.3373423255563e-05,5.91e-05,2.6987628248434e-05,1.0172841207762,2.9356052893294e-12,5.3989783923197e-19,0.023645433091943,0.09171301940962,0.026825889895499,0.018702852144052,0.076041009741682,0.019466314331631,577.22600862662,-0.25900132577983,-0.63529009951143,0.13860355440737,496.54877936299,0.1635923675291,0.022851295432642,4.1462320071391e-08
1.99,2023059592.7919,1720751725.4631,2101418083.4238,1133196100.7942,833980762.81273,1211385871.4051,0.16937345507371,0.12032655153091,-0.1075344864339,150889204.03244,286044863.3151,5.3848730890453e-05,5.97e-05,2.7172452155388e-05,1.0174832775902,2.9356052893294e-12,5.3989783923197e-19,0.023627026068615,0.095662813905259,0.027100816284048,0.018894875742375,0.076641593665556,0.01966176866507,577.52254913649,-0.22539162097906,-0.67747128468023,0.16099953108039,496.58038530124,0.18262368146715,0.14519414586797,4.1762048105471e-08
2.01,2020346143.7907,1717074491.4096,2098480351.5157,1130482651.793,830303528.75932,1208448139.4971,0.16937345507371,0.12032655153091,-0.1075344864339,151809435.09493,285873591.42483,5.4335646651063e-05,6.03e-05,2.7361839362841e-05,1.0176827956294,2.9356052893294e-12,5.3989783923197e-19,0.023637201275449,0.092537314174463,0.027375976650369,0.019087071580641,0.077263284531891,0.019857159949038,577.79414532324,-0.4240034444056,-0.74282374179517,0.19504634837593,496.46740099966,0.18791100993239,0.22490868096658,4.2054928729405e-08
2.03,2017661444.4438,1713466148.0705,2095595541.308,1127797952.4462,826695185.42017,1205563329.2893,0.16937345507371,0.12032655153091,-0.1075344864339,152720102.34196,285791630.35609,5.4809128161779e-05,6.09e-05,2.7552353251404e-05,1.0178818796016,2.9356052893294e-12,5.3989783923197e-19,0.023694473947897,0.0963970886195,0.027651443325113,0.019279427337084,0.077852075519613,0.020052551536939,578.10432456554,-0.26289901823201,-0.6715309528444,0.13407513779899,496.36046973128,0.17175311724784,-0.061267402386829,4.2340681359754e-08
2.05,2015010832.0476,1709880330.5817,2092692636.8309,1125147340.0499,823109367.93139,1202660424.8122,0.16937345507371,0.12032655153091,-0.1075344864339,153628279.34243,285715279.92482,5.5278246780149e-05,6.15e-05,2.7739473701313e-05,1.018080987208,2.9356052893294e-12,5.3989783923197e-19,0.023633453840964,0.089278183530148,0.027926587447677,0.01947158902343,0.078451737098316,0.020247898078045,578.40403644249,-0.27885066700649,-0.64351139501925,0.1312989898456,496.31061573393,0.16194261431983,-0.068923186880981,4.2616784370497e-08
2.07,2012381313.6814,1706333722.4571,2089810810.9155,1122517821.6838,819562759.80678,1199778598.8968,0.16937345507371,0.12032655153091,-0.1075344864339,154531078.91853,285639407.06037,5.5731222746218e-05,6.21e-05,2.7907751686819e-05,1.0182801213755,2.9356052893294e-12,5.3989783923197e-19,0.023640954790309,0.089788141126091,0.028201708494565,0.019663768147079,0.079049094029572,0.020443251746689,578.70819824994,-0.53767624923145,-0.6006950940951,0.16187130233122,496.22735313743,0.13502037417786,0.050493460805946,4.2881024613477e-08
2.09,2009753570.0778,1702819763.4288,2086949636.6642,1119890078.0801,816048800.77848,1196917424.6455,0.16937345507371,0.12032655153091,-0.1075344864339,155430193.67265,285492748.19216,5.6210636233476e-05,6.27e-05,2.8100642297472e-05,1.0184790252524,2.9356052893294e-12,5.3989783923197e-19,0.023653521717422,0.091886029625167,0.02847591966665,0.019855200122082,0.079655491378892,0.020638488414152,578.95484715355,-0.2362679667986,-0.67562579844614,0.17351446961252,496.34416183351,0.17495676009953,0.14583491754754,4.3140037488979e-08
2.11,2007180520.2076,1699376491.8845,2084124018.0896,1117317028.2099,812605529.2342,1194091806.0709,0.16937345507371,0.12032655153091,-0.1075344864339,156316873.46939,285414557.1391,5.6680507038508e-05,6.33e-05,2.8296053987104e-05,1.0186781167503,2.9356052893294e-12,5.3989783923197e-19,0.023629107204041,0.090386078838221,0.028751002200642,0.020047267645947,0.080249574793434,0.020833712607129,579.2646113933,-0.25880102577656,-0.64395397007689,0.14132473645702,496.22908205587,0.16061372948442,-0.043546933836549,4.3398552830787e-08
2.13,2004633535.0702,1695969111.6171,2081310764.7122,1114770043.0726,809198148.96679,1191278552.6935,0.16937345507371,0.12032655153091,-0.1075344864339,157199405.09898,285340944.13633,5.7139254946732e-05,6.39e-05,2.8476765910266e-05,1.0188770443052,2.9356052893294e-12,5.3989783923197e-19,0.02365069926479,0.089600309881328,0.029025698580512,0.020239132824821,0.080847407999795,0.021028932073871,579.538859475,-0.39371701599555,-0.60711230929202,0.18401945882162,496.23603688293,0.18129805968733,0.17751784115901,4.3643515523183e-08
2.15,2002089019.5188,1692587691.7541,2078514084.667,1112225527.5211,805816729.10374,1188481872.6483,0.16937345507371,0.12032655153091,-0.1075344864339,158077962.23636,285269181.80048,5.7605518169045e-05,6.45e-05,2.8659591924027e-05,1.0190761208098,2.9356052893294e-12,5.3989783923197e-19,0.023641469502456,0.09057684078135,0.02930012190384,0.020430717689617,0.081444506702426,0.021224081915224,579.82895245444,-0.50024002377689,-0.65169117116446,0.19009564895769,496.18683339274,0.17967918539629,0.18685432117165,4.3882861936852e-08
2.17,1999572651.5681,1689261372.8365,2075753477.6754,1109709159.5705,802490410.18621,1185721265.6567,0.16937345507371,0.12032655153091,-0.1075344864339,158948084.69383,285197592.59797,5.8076967401093e-05,6.51e-05,2.8841058690323e-05,1.0192749822373,2.9356052893294e-12,5.3989783923197e-19,0.023667437779279,0.089961493041611,0.029574199124195,0.02062202933713,0.082054944353345,0.021419179171462,580.07756918657,-0.34381652160542,-0.66537262218864,0.1860424719703,496.23555933345,0.18355772016196,0.22766277235207,4.4118304674579e-08
2.19,1997097087.3204,1685993563.0994,2073027522.8555,1107233595.3228,799222600.44906,1182995310.8368,0.16937345507371,0.12032655153091,-0.1075344864339,159808323.25875,285041344.8924,5.8588367877394e-05,6.57e-05,2.9059422848751e-05,1.0194749142472,2.9356052893294e-12,5.3989783923197e-19,0.023643007474737,0.090811303143876,0.029848800602595,0.020813687329107,0.082673601330084,0.021614085136645,580.24258778322,-0.39654714717392,-0.84077105168139,0.22015413233688,495.97471770686,0.17955702496679,0.0044830656865785,4.4364803025973e-08
2.21,1994697922.9064,1682841593.0654,2070399636.9614,1104834430.9087,796070630.4151,1180367424.9427,0.16937345507371,0.12032655153091,-0.1075344864339,160649736.61711,284962558.31664,5.9041589855024e-05,6.63e-05,2.9218751794906e-05,1.0196730532924,2.9356052893294e-12,5.3989783923197e-19,0.023774462801485,0.096924137341326,0.030122704508853,0.021004892861347,0.083262194610617,0.021809167362956,580.57380350046,-0.26824506775606,-0.68795549774767,0.17838848160269,496.14962371405,0.18632286190544,0.19816109097165,4.46002585712e-08
2.23,1992276750.8884,1679650663.0274,2067713255.1886,1102413258.8908,792879700.37708,1177681043.1699,0.16937345507371,0.12032655153091,-0.1075344864339,161496716.73649,284894835.34157,5.9520915658832e-05,6.69e-05,2.9407605867298e-05,1.0198720258169,2.9356052893294e-12,5.3989783923197e-19,0.023563999073233,0.088769172045163,0.030396838118466,0.021196240163965,0.083866684405862,0.022004106997253,580.85348989814,-0.41935279252918,-0.72853643143438,0.20472796426789,496.10073995096,0.18806070499938,0.21228249182119,4.4828132780076e-08
2.25,1989886179.7386,1676523498.8055,2065083560.3522,1100022687.7409,789752536.1552,1175051348.3335,0.16937345507371,0.12032655153091,-0.1075344864339,162333917.66742,284823969.21531,5.99931907121e-05,6.75e-05,2.9589129558811e-05,1.0200707763665,2.9356052893294e-12,5.3989783923197e-19,0.023671013708107,0.091715645869145,0.030670859712347,0.021387482815098,0.084455238663408,0.022199028801992,581.11423782264,-0.30765289704043,-0.71333397017119,0.19819109955549,496.10085361709,0.18100001281486,0.16539954214603,4.5058986384262e-08
2.27,1987519958.4175,1673421483.3406,2062454412.9733,1097656466.4199,786650520.69026,1172422200.9546,0.16937345507371,0.12032655153091,-0.1075344864339,163167476.54649,284751118.93932,6.045135731107e-05,6.81e-05,2.9763099643975e-05,1.0202693528007,2.9356052893294e-12,5.3989783923197e-19,0.023642509065285,0.089146057888438,0.030944827718255,0.021578699244747,0.085047285007103,0.022393955757244,581.41533037918,-0.30252424578387,-0.66306460358965,0.1824919244698,496.12523607168,0.1826136289707,0.17815030421769,4.527875740178e-08
2.29,1985160964.1351,1670331341.5856,2059819214.1809,1095297472.1374,783560378.93523,1169787002.1623,0.16937345507371,0.12032655153091,-0.1075344864339,163999727.57316,284687919.76901,6.0904944714878e-05,6.87e-05,2.9949422214582e-05,1.0204682593533,2.9356052893294e-12,5.3989783923197e-19,0.023623519259709,0.088881909051138,0.03121936178486,0.021770288845915,0.08560720112229,0.022588840964833,581.71358380302,-0.33256614847869,-0.61154727983913,0.13054385448167,495.96546629122,0.1474660191133,-0.15228088227225,4.5497235061155e-08
2.31,1982830368.1655,1667271166.6867,2057189238.4156,1092966876.1679,780500204.03634,1167157026.3969,0.16937345507371,0.12032655153091,-0.1075344864339,164829054.79832,284628210.99691,6.1350896567115e-05,6.93e-05,3.0125332184479e-05,1.0206671624548,2.9356052893294e-12,5.3989783923197e-19,0.02365691587366,0.086077600893743,0.031493660060937,0.021961749392399,0.086172538457119,0.022783702986419,581.96824215813,-0.40560659809562,-0.56817582196651,0.12655271560625,495.8646241801,0.1395575561693,-0.23101830435126,4.5708559566888e-08
2.33,1980517408.4081,1664244635.4272,2054578417.8881,1090653916.4104,777473672.77685,1164546205.8694,0.16937345507371,0.12032655153091,-0.1075344864339,165652888.8856,284570344.63004,6.180729804317e-05,6.99e-05,3.029184913782e-05,1.0208656770043,2.9356052893294e-12,5.3989783923197e-19,0.023659495104825,0.086328317327953,0.031766567056271,0.022152209866143,0.086778111553718,0.022978491667772,582.18799404752,-0.31013830618475,-0.61793005451939,0.18186950573528,496.06554340981,0.17439605866016,0.16451326536284,4.5912484285615e-08
2.35,1978227774.8406,1661272901.4406,2052016014.3539,1088364282.8429,774501938.79025,1161983802.3352,0.16937345507371,0.12032655153091,-0.1075344864339,166464842.84684,284508219.77038,6.2282071146915e-05,7.05e-05,3.0470108984618e-05,1.0210651722393,2.9356052893294e-12,5.3989783923197e-19,0.023624805908428,0.090026219709658,0.032040283107342,0.022343181044729,0.087361951967936,0.023173142918093,582.42650297784,-0.66811814637695,-0.74894438907399,0.2206682826602,495.82800308172,0.18025218084032,0.0094505560266373,4.6118065937578e-08
2.37,1975977462.2108,1658382322.1736,2049529154.8866,1086113970.2132,771611359.52329,1159496942.8679,0.16937345507371,0.12032655153091,-0.1075344864339,167262666.67206,284446564.65444,6.2708185145403e-05,7.11e-05,3.0636677814538e-05,1.0212634381167,2.9356052893294e-12,5.3989783923197e-19,0.023757127535319,0.096060176130508,0.032314421229335,0.022534432698524,0.087892749744615,0.023367972380661,582.73679401393,-0.48253435172089,-0.52236322010287,0.08976034921145,495.76723314141,0.13976783620195,-0.33662603005109,4.6316951800979e-08
2.39,1973718250.9861,1655445061.3803,2046956026.036,1083854758.9884,768674098.72999,1156923814.0173,0.16937345507371,0.12032655153091,-0.1075344864339,168072002.75728,284394506.42505,6.3181509725149e-05,7.17e-05,3.0817244205945e-05,1.0214619180445,2.9356052893294e-12,5.3989783923197e-19,0.023595922199502,0.082822253717082,0.032586965765524,0.022724612410419,0.088500065083451,0.023562595323612,582.92650894645,-0.34476739788922,-0.62907738897171,0.18494809563109,496.01038300166,0.16960790197603,0.13993176600687,4.6508860599736e-08
2.41,1971497754.6257,1652582188.4431,2044453841.4636,1081634262.6281,765811225.7928,1154421629.4449,0.16937345507371,0.12032655153091,-0.1075344864339,168865065.21103,284329523.03855,6.3640983014267e-05,7.23e-05,3.0989882405048e-05,1.0216604364772,2.9356052893294e-12,5.3989783923197e-19,0.023630949507379,0.090022910970353,0.03286018134191,0.02291523221034,0.089091534215812,0.023757224265817,583.1940167084,-0.34859135721953,-0.63811787861033,0.1841393941866,496.0462255374,0.17832852870249,0.16746014533144,4.6695602532194e-08
2.43,1969295073.9435,1649749600.2521,2041967343.8277,1079431581.9458,762978637.60179,1151935131.8091,0.16937345507371,0.12032655153091,-0.1075344864339,169653261.5268,284267417.60982,6.4091819238986e-05,7.29e-05,3.1172018335117e-05,1.0218591952328,2.9356052893294e-12,5.3989783923197e-19,0.023638978574519,0.088713202906611,0.033134081187704,0.023106309904734,0.089636714813678,0.02395182994197,583.46294900431,-0.35043004602849,-0.58663583040839,0.13375777508848,495.89511574884,0.14629928390307,-0.16848058045149,4.688474455004e-08
2.45,1967115619.8834,1646940469.6109,2039485459.6371,1077252127.8857,760169506.96061,1149453247.6184,0.16937345507371,0.12032655153091,-0.1075344864339,170439276.32115,284210790.06296,6.4534705463772e-05,7.35e-05,3.1342145418553e-05,1.0220578010642,2.9356052893294e-12,5.3989783923197e-19,0.023660568346741,0.084252623695351,0.033407325868421,0.023297007530131,0.090221604501495,0.024146415160919,583.68094137649,-0.47139317707834,-0.57299300787681,0.19008462626692,495.92542641543,0.16735684865715,0.067393630072818,4.7069268418736e-08
2.47,1964946795.0927,1644165347.3059,2037034544.2468,1075083303.095,757394384.65562,1147002332.2282,0.16937345507371,0.12032655153091,-0.1075344864339,171218087.50109,284153339.53073,6.5035318446412e-05,7.41e-05,3.1540803665269e-05,1.0222569998689,2.9356052893294e-12,5.3989783923197e-19,0.023650914800875,0.087899310412846,0.033679973276314,0.02348713429731,0.090830560815067,0.024340772581488,583.84669605588,-0.43471296542601,-0.74928505874299,0.22384164354907,495.87225119545,0.16594211629803,0.031775974198307,4.7255548186334e-08
2.49,1962847333.9634,1641496005.2362,2034681572.2337,1072983841.9657,754725042.58589,1144649360.215,0.16937345507371,0.12032655153091,-0.1075344864339,171974448.17175,284086290.7882,6.5527663744324e-05,7.47e-05,3.1729354918857e-05,1.0224560933716,2.9356052893294e-12,5.3989783923197e-19,0.023728293031626,0.091267727593827,0.033952937276056,0.023677521445983,0.091328727655982,0.024535106211933,584.02056966043,-0.50359744295728,-0.82373398740004,0.2371525277127,495.76402189217,0.16611045682946,-0.00064319244712695,4.7443094441751e-08
2.51,1960778168.1147,1638876556.7473,2032371785.2864,1070914676.1171,752105594.09701,1142339573.2677,0.16937345507371,0.12032655153091,-0.1075344864339,172720788.39208,284020087.15927,6.5984576376606e-05,7.53e-05,3.188419689051e-05,1.0226545614044,2.9356052893294e-12,5.3989783923197e-19,0.023723784123622,0.10171170394772,0.034225701540471,0.023867780630603,0.091954541768641,0.024729511090538,584.31771721344,-0.74241852952381,-0.76492143828253,0.24472204543699,495.73717696164,0.20175137417174,0.034525840177022,4.7620413780652e-08
2.53,1958695331.2241,1636251712.4318,2030048804.8786,1068831839.2264,749480749.78147,1140016592.8599,0.16937345507371,0.12032655153091,-0.1075344864339,173468694.58586,283966056.67833,6.6428089407191e-05,7.59e-05,3.2046289867995e-05,1.0228526311871,2.9356052893294e-12,5.3989783923197e-19,0.023660564608134,0.090389176230956,0.034498593872005,0.02405811788838,0.092510250654528,0.024923943439874,584.58552850388,-0.65033954841877,-0.67798634970637,0.21787914715455,495.8113241322,0.20004386202912,0.037033830549421,4.7805101850745e-08
2.55,1956614794.0924,1633619286.4068,2027695466.7769,1066751302.0947,746848323.75645,1137663254.7582,0.16937345507371,0.12032655153091,-0.1075344864339,174220688.38282,283916777.50811,6.6900727220564e-05,7.65e-05,3.2229662389736e-05,1.0230512983625,2.9356052893294e-12,5.3989783923197e-19,0.023605294483084,0.084022368435119,0.034771589367183,0.024248492031993,0.093076604713764,0.025118220007717,584.80547586607,-0.5734752828389,-0.68674458002708,0.19785079558705,495.72879570617,0.1570855920366,-0.20290733334311,4.7977916753027e-08
2.57,1954575276.8544,1631034662.6947,2025374644.5656,1064711784.8567,744263700.04435,1135342432.5469,0.16937345507371,0.12032655153091,-0.1075344864339,174963106.66764,283860337.28556,6.7339600070877e-05,7.71e-05,3.2393946438383e-05,1.0232492618336,2.9356052893294e-12,5.3989783923197e-19,0.023669483322715,0.085013885781478,0.035043897994713,0.024438377502381,0.093624905430356,0.025312599336258,585.09411374677,-0.4655563558564,-0.62613746695881,0.14445655190911,495.86991079486,0.20025839728904,-0.14653837814873,4.8145660830347e-08
2.59,1952526027.1799,1628433613.6684,2023023563.3036,1062662535.1823,741662651.01807,1132991351.2849,0.16937345507371,0.12032655153091,-0.1075344864339,175708973.64936,283802757.51197,6.7781578724324e-05,7.77e-05,3.2560671286747e-05,1.0234474874655,2.9356052893294e-12,5.3989783923197e-19,0.023591391013062,0.083342322019768,0.035316343019322,0.024628411231817,0.094198552848462,0.025506901327398,585.32365101255,-0.44824533462077,-0.57896482340254,0.18087237607716,495.9588126793,0.18896615965591,-0.0037276439667286,4.8306697925174e-08
2.61,1950496357.3033,1625865589.1001,2020699367.7042,1060632865.3056,739094626.44982,1130667155.6855,0.16937345507371,0.12032655153091,-0.1075344864339,176448105.44457,283751120.8307,6.8253814072733e-05,7.83e-05,3.2723040937005e-05,1.0236466908493,2.9356052893294e-12,5.3989783923197e-19,0.023622238582555,0.085790100007829,0.035588628964329,0.024818253300503,0.094767493176566,0.025701001765203,585.53011580752,-0.7973623295256,-0.76036962644607,0.23367832125345,495.79575082217,0.19423937497918,-0.069402938260534,4.8468991572143e-08
2.63,1948513331.7924,1623393137.163,2018473015.3193,1058649839.7947,736622174.51266,1128440803.3006,0.16937345507371,0.12032655153091,-0.1075344864339,177166323.44194,283699230.57877,6.872189201974e-05,7.89e-05,3.2889379172161e-05,1.0238453615038,2.9356052893294e-12,5.3989783923197e-19,0.023754257347095,0.093262667158676,0.035860709537809,0.025007948725712,0.095342053450909,0.025895095014243,585.69229242936,-0.76597843515965,-0.77666745683313,0.24501388659175,495.77623605659,0.18508705796373,-0.040304250296459,4.8630067566162e-08
2.65,1946553481.831,1620952994.7201,2016265433.3888,1056689989.8333,734182032.06975,1126233221.3701,0.16937345507371,0.12032655153091,-0.1075344864339,177877457.42035,283645685.85262,6.9167452687349e-05,7.95e-05,3.3063205294635e-05,1.024043199998,2.9356052893294e-12,5.3989783923197e-19,0.023693396030284,0.08984218755212,0.036132891822288,0.025197705511847,0.095887743765962,0.026089291256338,585.98950564592,-0.59667507556298,-0.73548931985958,0.19249444481934,495.89882030356,0.28482331947886,-0.10630653751048,4.878601049109e-08
2.67,1944591153.7276,1618486359.62,2014008411.0081,1054727661.73,731715396.9697,1123976198.9894,0.16937345507371,0.12032655153091,-0.1075344864339,178596433.48785,283593985.51026,6.9628924476504e-05,8.01e-05,3.3235637392974e-05,1.0242414407683,2.9356052893294e-12,5.3989783923197e-19,0.023589692950492,0.084215792764494,0.036405242885808,0.025387599939832,0.096461556182699,0.026283377995358,586.1737898422,-0.41104019316991,-0.63041694873759,0.15455383660593,495.92673551478,0.16764232401321,-0.17608890574026,4.8940200453121e-08
2.69,1942659367.1999,1616055199.8499,2011775066.5645,1052795875.2022,729284237.19961,1121742854.5458,0.16937345507371,0.12032655153091,-0.1075344864339,179308947.28056,283541434.29107,7.0078468219402e-05,8.07e-05,3.3396720295644e-05,1.0244395994662,2.9356052893294e-12,5.3989783923197e-19,0.023625739001051,0.085238640067946,0.036676933877395,0.02557704793361,0.097046361406959,0.026477456504916,586.40981848039,-0.54395919765656,-0.63401130495171,0.20875568476479,496.05207408821,0.17501422061955,0.12919536258226,4.9088653710114e-08
2.71,1940727491.4042,1613644629.3189,2009563520.2126,1050863999.4066,726873666.66855,1119531308.1939,0.16937345507371,0.12032655153091,-0.1075344864339,180016269.9551,283488179.08003,7.0518437892187e-05,8.13e-05,3.3561413414329e-05,1.0246381450915,2.9356052893294e-12,5.3989783923197e-19,0.023629636535739,0.087722321201224,0.036949722311926,0.025767245910227,0.09758794092783,0.026671504614967,586.65730003958,-0.61544771542794,-0.59895743251632,0.17085475371028,495.88503130436,0.14736457557432,-0.23760705970973,4.9235652303542e-08
2.73,1938815660.9663,1611255982.0884,2007354627.0897,1048952168.9686,724485019.43808,1117322415.071,0.16937345507371,0.12032655153091,-0.1075344864339,180721836.69519,283441102.97335,7.0964201341312e-05,8.19e-05,3.3732887769282e-05,1.0248363305969,2.9356052893294e-12,5.3989783923197e-19,0.023669520775025,0.083579183650752,0.03722139972738,0.025956625325836,0.098155719095504,0.026865507649878,586.84909430634,-0.41152381511452,-0.57346035023725,0.13676623481191,495.97489402782,0.1345168915149,-0.22492242549882,4.9381415293851e-08
2.75,1936925895.9472,1608891159.0476,2005155883.3955,1047062403.9495,722120196.3973,1115123671.3768,0.16937345507371,0.12032655153091,-0.1075344864339,181421701.71697,283393174.55469,7.1387095546098e-05,8.25e-05,3.3886377946845e-05,1.025034422478,2.9356052893294e-12,5.3989783923197e-19,0.023625141154198,0.085474225942115,0.037493304633995,0.026146218109118,0.098696442434312,0.027059542330454,587.09627836215,-0.53728151629879,-0.5179338383508,0.16067509632543,496.0308222739,0.15720798915977,-0.088880976348498,4.951983793657e-08
2.77,1935035530.2812,1606536392.0994,2002965884.9845,1045172038.2836,719765429.44911,1112933672.9658,0.16937345507371,0.12032655153091,-0.1075344864339,182119298.70517,283346498.51201,7.1875676926173e-05,8.31e-05,3.4070032756269e-05,1.0252334256395,2.9356052893294e-12,5.3989783923197e-19,0.023623065150392,0.086283870056023,0.037764621766113,0.026335265752979,0.099286209610642,0.027253249097205,587.23804235308,-0.51574371454438,-0.72056517625236,0.21187895063672,495.96129153589,0.14431414130506,-0.21034974509129,4.9665256128787e-08
2.79,1933212816.4497,1604284663.8157,2000873247.7255,1043349324.4521,717513701.16541,1110841035.7068,0.16937345507371,0.12032655153091,-0.1075344864339,182791519.43602,283294545.10572,7.228735205869e-05,8.37e-05,3.4311531645895e-05,1.0254311281593,2.9356052893294e-12,5.3989783923197e-19,0.023733062770851,0.090447726783797,0.038036582153365,0.02652489507607,0.09982091891625,0.027447272757757,587.51391576888,-0.51696253740576,-0.56866602916955,0.1266552489525,496.03502870588,0.16959636370137,-0.19293694239189,4.9799593592033e-08
2.81,1931356210.6981,1601979174.5703,1998708927.8008,1041492718.7005,715208211.91998,1108676715.7821,0.16937345507371,0.12032655153091,-0.1075344864339,183479469.3396,283250263.79703,7.274487329382e-05,8.43e-05,3.4586726291139e-05,1.0256291482521,2.9356052893294e-12,5.3989783923197e-19,0.023582333479743,0.083403098599524,0.038307656280959,0.026713851284599,0.10039978150467,0.027641074880951,587.69596330212,-0.39198851642106,-0.58572742733264,0.18300643017554,496.21110509278,0.16207024378108,0.040496396566813,4.9932699366702e-08
2.83,1929534272.1425,1599722063.5074,1996592972.0281,1039670780.1449,712951100.85703,1106560760.0094,0.16937345507371,0.12032655153091,-0.1075344864339,184154180.06684,283201119.2517,7.3234408391396e-05,8.49e-05,3.4835977905373e-05,1.0258281652084,2.9356052893294e-12,5.3989783923197e-19,0.023619453980091,0.085995861823508,0.038579213572571,0.026903090353886,0.10098470605958,0.027834678285544,587.84513637653,-0.57980213835245,-0.74226361362188,0.24324951450347,496.05925390775,0.15803288315087,-0.073183719653532,5.0070367799905e-08
2.85,1927756367.9579,1597543357.973,1994556176.5851,1037892875.9602,710772395.32265,1104523964.5664,0.16937345507371,0.12032655153091,-0.1075344864339,184810112.95524,283146405.34869,7.365647824709e-05,8.55e-05,3.5122554072996e-05,1.0260259856009,2.9356052893294e-12,5.3989783923197e-19,0.023744149127114,0.091086603320867,0.038850792872366,0.027092456757523,0.10153563665181,0.028028526594405,588.09227710175,-0.71258236288486,-0.58993661453444,0.21108411740537,496.12126566804,0.16883186958688,0.070210356147757,5.0197531335164e-08
2.87,1925953783.8458,1595330222.0857,1992474860.0005,1036090291.8481,708559259.43536,1102442647.9818,0.16937345507371,0.12032655153091,-0.1075344864339,185476290.74746,283101693.08432,7.4128876825542e-05,8.61e-05,3.538479190162e-05,1.0262245014276,2.9356052893294e-12,5.3989783923197e-19,0.023609373238017,0.084321303216559,0.039122230188767,0.027281553924916,0.10209684474888,0.028222124379519,588.2787231986,-0.61552664409895,-0.68812857046812,0.21338633323539,496.03938111457,0.14867510080549,-0.22689727434552,5.0329332910994e-08
2.89,1924199752.2025,1593175550.7152,1990438298.1658,1034336260.2049,706404588.06487,1100406086.1471,0.16937345507371,0.12032655153091,-0.1075344864339,186128704.38059,283054264.10518,7.4573211193927e-05,8.67e-05,3.5659630200042e-05,1.0264222564605,2.9356052893294e-12,5.3989783923197e-19,0.023683220494241,0.084383214137075,0.039392688295742,0.027470049303961,0.10267277086195,0.02841580622929,588.47520712984,-0.57722522027081,-0.64909704574715,0.22368638828276,496.27953251123,0.17167199191905,0.16514716252647,5.0452623970714e-08
2.91,1922440897.6805,1591023027.1492,1988401559.4834,1032577405.6828,704252064.49889,1098369347.4648,0.16937345507371,0.12032655153091,-0.1075344864339,186779843.04007,283007116.5004,7.5029180705559e-05,8.73e-05,3.5935179414041e-05,1.0266202074441,2.9356052893294e-12,5.3989783923197e-19,0.023604214228998,0.086270881534631,0.039663699842556,0.027658884952363,0.10323876023233,0.02860941908616,588.70182350284,-0.43529625417633,-0.61257779290917,0.19666373924636,496.34210284497,0.17351728177721,0.050159686148905,5.0726319980366e-08
2.93,1920705124.5082,1588891279.1732,1986372896.0719,1030841632.5105,702120316.52286,1096340684.0532,0.16937345507371,0.12032655153091,-0.1075344864339,187426800.01774,282961217.30653,7.549112052614e-05,8.79e-05,3.6200742227083e-05,1.0268185517432,2.9356052893294e-12,5.3989783923197e-19,0.023620316570761,0.085293969306034,0.039934784336001,0.027847788498329,0.10380068761578,0.028802940079141,588.90504966681,-0.61135510587213,-0.67527824084253,0.22026221228444,496.31405782873,0.17422833182998,0.061712563888836,5.1231734590917e-08
2.95,1918982394.7131,1586791408.3838,1984373231.7079,1029118902.7154,700020445.73343,1094341019.6893,0.16937345507371,0.12032655153091,-0.1075344864339,188066759.51407,282912379.18802,7.5893527176242e-05,8.85e-05,3.6501005225133e-05,1.0270164313413,2.9356052893294e-12,5.3989783923197e-19,0.023674597740564,0.085322935373806,0.040206455261352,0.028037055637395,0.10429391541207,0.028996653865214,589.15960214123,-0.49931191719035,-0.462657953562,0.074134336263028,496.21268515306,0.12596880104443,-0.40140657335335,5.1728106689971e-08
2.97,1917257963.1737,1584666587.4699,1982325041.7197,1027394471.176,697895624.81961,1092292829.701,0.16937345507371,0.12032655153091,-0.1075344864339,188716709.28146,282875838.00363,7.6366057800129e-05,8.91e-05,3.6760445586899e-05,1.0272146516166,2.9356052893294e-12,5.3989783923197e-19,0.02360794628477,0.077726323489973,0.040476432691085,0.028225199819773,0.10490479347607,0.02919004055993,589.28647924265,-0.55217733493227,-0.63838043889754,0.22659118141588,496.4213054472,0.16909573838424,0.10945367002332,5.2202610233218e-08
2.99,1915572061.7554,1582616156.3455,1980360554.4864,1025708569.7577,695845193.69516,1090328342.4678,0.16937345507371,0.12032655153091,-0.1075344864339,189344042.68292,282828001.28755,7.6811579941073e-05,8.97e-05,3.7038179905703e-05,1.0274125408396,2.9356052893294e-12,5.3989783923197e-19,0.02366156422793,0.089041174355529,0.040747246052926,0.028413880897642,0.10545386717709,0.029383518139046,589.49097801939,-0.3782938048598,-0.62231307075149,0.18481532120297,496.47559817518,0.16514294353436,-0.015226954948518,5.2662716291089e-08
3.01,1913897640.9201,1580569258.9832,1978386051.8357,1024034148.9225,693798296.33292,1088353839.817,0.16937345507371,0.12032655153091,-0.1075344864339,189972092.2877,282784413.95671,7.726145342163e-05,9.03e-05,3.7310428399047e-05,1.0276105477368,2.9356052893294e-12,5.3989783923197e-19,0.023615474301501,0.08373092051048,0.041017808145189,0.02860239619415,0.10601139272644,0.029576920425379,589.6963482056,-0.43714128922048,-0.63352266679544,0.20031953780135,496.54567240291,0.16708471156806,0.073666523065989,5.3109228079377e-08
3.03,1912236110.9552,1578546248.151,1976433477.1259,1022372618.9575,691775285.50067,1086401265.1072,0.16937345507371,0.12032655153091,-0.1075344864339,190594034.32779,282737825.77477,7.7711262003886e-05,9.09e-05,3.7583572616491e-05,1.0278085557329,2.9356052893294e-12,5.3989783923197e-19,0.023635202505284,0.084457235317482,0.041288390916097,0.028790909601394,0.10657587908337,0.02977029269485,589.89371926087,-0.43908576581225,-0.62893596991999,0.20145972589342,496.58659465404,0.17186076487404,0.071265358700391,5.3541962304549e-08
3.05,1910587706.9515,1576541127.9389,1974494515.8927,1020724214.9538,689770165.28855,1084462303.874,0.16937345507371,0.12032655153091,-0.1075344864339,191211728.55819,282694933.37241,7.8157029359522e-05,9.15e-05,3.7858179160604e-05,1.0280066346666,2.9356052893294e-12,5.3989783923197e-19,0.023637402845677,0.084714404642579,0.041559063802582,0.028979490665125,0.10713118019498,0.029963638056149,590.09499585552,-0.50318453427933,-0.61852391692677,0.20323124485746,496.59084601399,0.18054591876413,0.044304435289881,5.3961148920725e-08
3.07,1908951127.2744,1574554105.5729,1972568345.7069,1019087635.2767,687783142.92257,1082536133.6882,0.16937345507371,0.12032655153091,-0.1075344864339,191825680.43504,282652446.8572,7.8601414556418e-05,9.21e-05,3.8135414313997e-05,1.0282046409716,2.9356052893294e-12,5.3989783923197e-19,0.023646824012618,0.08423596419351,0.041829610294134,0.029167974997104,0.10768636479367,0.030156952411423,590.27706131358,-0.49037591451161,-0.58085506102036,0.19796500933848,496.60568687093,0.1628576171402,0.0074468729547239,5.4367203749577e-08
3.09,1907324687.0786,1572578595.0996,1970648582.6786,1017461195.0809,685807632.44923,1080616370.6599,0.16937345507371,0.12032655153091,-0.1075344864339,192437160.90711,282610965.86506,7.9019921911466e-05,9.27e-05,3.842340981986e-05,1.0284028000602,2.9356052893294e-12,5.3989783923197e-19,0.023637525949505,0.083924878271902,0.042100772762041,0.029356845864614,0.1081938616014,0.030350299771791,590.50591020222,-0.56574992980813,-0.48529340680697,0.10246916110013,496.44134499807,0.12722698341734,-0.41725361069828,5.4763117966325e-08
3.11,1905711278.7335,1570614321.3257,1968724102.2572,1015847786.7359,683843358.67538,1078691890.2386,0.16937345507371,0.12032655153091,-0.1075344864339,193048560.66534,282576237.07356,7.9497988565207e-05,9.33e-05,3.8676330194075e-05,1.0286011553428,2.9356052893294e-12,5.3989783923197e-19,0.023650672888982,0.079418332331104,0.042370169037647,0.029544511208322,0.1087889264064,0.030543372624603,590.62187490137,-0.66441643551591,-0.66809742593245,0.23873340237718,496.57595387521,0.18378653733602,-0.027510379119007,5.5144186123772e-08
3.13,1904133300.5223,1568717435.5438,1966875117.4961,1014269808.5246,681946472.89352,1076842905.4774,0.16937345507371,0.12032655153091,-0.1075344864339,193638153.04678,282531759.34785,7.9950644174223e-05,9.39e-05,3.8945931594545e-05,1.0287988553272,2.9356052893294e-12,5.3989783923197e-19,0.023686321441721,0.087914074676388,0.042639955252031,0.029732414547615,0.10934960168544,0.030736531867668,590.79329331596,-0.53501204699917,-0.67258569808082,0.22575036485254,496.72768080188,0.18301809866183,0.10908389847092,5.5519824577592e-08
3.15,1902558050.9674,1566819580.8573,1965019061.6013,1012694558.9697,680048618.20701,1074986849.5826,0.16937345507371,0.12032655153091,-0.1075344864339,194228614.18275,282488741.48116,8.0377869093043e-05,9.45e-05,3.9234390798655e-05,1.0289968561284,2.9356052893294e-12,5.3989783923197e-19,0.023612062184814,0.08493134761598,0.042911150616784,0.029921314042254,0.10986024881337,0.030929751765939,591.02745987085,-0.57640531326256,-0.53233209309932,0.12548847259349,496.54977042832,0.13624096177236,-0.37218010653284,5.5889638912491e-08
3.17,1900984769.5295,1564912142.923,1963137575.9261,1011121277.5319,678141180.27268,1073105363.9074,0.16937345507371,0.12032655153091,-0.1075344864339,194826269.70816,282452344.04524,8.0795799306481e-05,9.51e-05,3.9520025998521e-05,1.0291945929719,2.9356052893294e-12,5.3989783923197e-19,0.023635319716051,0.079563965418195,0.043180993165688,0.030109275701056,0.11038071906386,0.031122938150468,591.22581899834,-0.5968495269604,-0.50114685780108,0.13531418098947,496.6613975055,0.17360944222515,-0.22860913598675,5.6255605033729e-08
3.19,1899417304.2092,1563015732.6206,1961261787.0678,1009553812.2115,676244769.97023,1071229575.0492,0.16937345507371,0.12032655153091,-0.1075344864339,195420148.95304,282418316.21177,8.124514180716e-05,9.57e-05,3.9790291559724e-05,1.0293923680682,2.9356052893294e-12,5.3989783923197e-19,0.023611144511677,0.080004454115216,0.043450290072179,0.030296837641554,0.11095480962624,0.031315969252927,591.37746149404,-0.50590252698978,-0.57139215815582,0.19933392373916,496.86211882034,0.17193558612147,0.042259189494255,5.6612539342898e-08
3.21,1897871834.5262,1561155537.0806,1959422557.5338,1008008342.5286,674384574.43027,1069390345.5151,0.16937345507371,0.12032655153091,-0.1075344864339,196002391.23219,282376899.83019,8.1680562882883e-05,9.63e-05,4.0070944255781e-05,1.0295901723021,2.9356052893294e-12,5.3989783923197e-19,0.023618659185669,0.085159770994277,0.043720278780943,0.030484857641151,0.11149311620709,0.031509035111882,591.58093071616,-0.48948757994201,-0.54846337055428,0.16961382067513,496.88429992858,0.15987351452258,-0.063303097518054,5.6964897879488e-08
3.23,1896335047.2975,1559305302.3643,1957582866.1158,1006471555.2998,672534339.71395,1067550654.0971,0.16937345507371,0.12032655153091,-0.1075344864339,196583728.20632,282338547.57324,8.2123349883209e-05,9.69e-05,4.0346227721084e-05,1.0297881176388,2.9356052893294e-12,5.3989783923197e-19,0.023621532780682,0.082417334486483,0.043990092936295,0.030672786648132,0.11204607819554,0.031702019244236,591.75385378674,-0.53018085948661,-0.5543848693902,0.19275923882786,496.91847243119,0.16554784629521,-0.033504114823797,5.7310087212512e-08
3.25,1894813199.5864,1557478772.2125,1955765547.343,1004949707.5888,670707809.56221,1065733335.3243,0.16937345507371,0.12032655153091,-0.1075344864339,197158307.72051,282300612.78619,8.2564033915656e-05,9.75e-05,4.0620307879408e-05,1.0299862421116,2.9356052893294e-12,5.3989783923197e-19,0.023638560988056,0.08352059311252,0.044260082137537,0.030860733932135,0.11257867704856,0.031894952286172,591.9569101904,-0.5869054257856,-0.52867688969393,0.13823338822821,496.81584123662,0.13359217978921,-0.35969142014538,5.7644861604076e-08
3.27,1893312475.9265,1555678242.4136,1953966619.6321,1003448983.9288,668907279.76331,1063934407.6134,0.16937345507371,0.12032655153091,-0.1075344864339,197726547.14614,282265059.40603,8.3011025436583e-05,9.81e-05,4.0893562701261e-05,1.0301840911697,2.9356052893294e-12,5.3989783923197e-19,0.023658110450467,0.0823980072464,0.044529512094197,0.031048385033908,0.11312883255672,0.032087830199501,592.08543841943,-0.46816350717599,-0.57995625103859,0.16831039323283,496.92268627488,0.14718681575097,-0.22304145620342,5.7975785912428e-08
3.29,1891827489.5048,1553896950.9798,1952183414.6374,1001963997.5072,667125988.32949,1062151202.6187,0.16937345507371,0.12032655153091,-0.1075344864339,198289038.47091,282228262.83414,8.3452054273809e-05,9.87e-05,4.1168061870319e-05,1.0303817213313,2.9356052893294e-12,5.3989783923197e-19,0.023624914318688,0.082674553266254,0.044798655819589,0.031235834816906,0.11368312703858,0.032280702887529,592.26610237076,-0.48639085658436,-0.57802863968759,0.19139650338402,497.09141624458,0.16815845584121,0.028015371065445,5.8304501551156e-08
3.31,1890347535.1926,1552128331.4793,1950409664.7304,1000484043.195,665357368.82899,1060377452.7117,0.16937345507371,0.12032655153091,-0.1075344864339,198848034.14143,282190660.26851,8.3903385987162e-05,9.93e-05,4.1428708672917e-05,1.0305799889357,2.9356052893294e-12,5.3989783923197e-19,0.023606325157562,0.083783693454363,0.04506840032916,0.031423628039111,0.11423398728377,0.032473452728915,592.45888640562,-0.70597357694187,-0.69946067702901,0.21405194962356,496.96021025629,0.16097642797404,-0.20002940895456,5.8624341424488e-08
